time,value
2023-03-13T09:54:24.602Z,0
2023-03-13T09:54:26.744Z,0
2023-03-13T09:54:27.269Z,0
2023-03-13T09:54:27.27Z,0
2023-03-13T09:54:28.044Z,0
2023-03-13T09:54:29.129Z,0
2023-03-13T09:54:29.901Z,0
2023-03-13T09:54:31.32Z,0
2023-03-13T09:54:31.952Z,0
2023-03-13T09:54:34.04Z,0
2023-03-13T09:54:34.041Z,0
2023-03-13T09:54:35.425Z,0
2023-03-13T09:54:36.038Z,0
2023-03-13T09:54:37.09Z,0
2023-03-13T09:54:38.757Z,0
2023-03-13T09:54:39.112Z,0
2023-03-13T09:54:40.364Z,0
2023-03-13T09:54:41.592Z,0
2023-03-13T09:54:42.786Z,0
2023-03-13T09:54:42.995Z,0
2023-03-13T09:54:44.207Z,0
2023-03-13T09:54:45.24Z,0
2023-03-13T09:54:47.152Z,0
2023-03-13T09:54:47.427Z,0
2023-03-13T09:54:48.368Z,0
2023-03-13T09:54:49.369Z,0
2023-03-13T09:54:50.361Z,0
2023-03-13T09:54:52.33Z,0
2023-03-13T09:54:52.808Z,0
2023-03-13T09:54:53.728Z,0
2023-03-13T09:54:54.485Z,0
2023-03-13T09:54:56.624Z,0
2023-03-13T09:54:56.625Z,0
2023-03-13T09:54:57.568Z,0
2023-03-13T09:54:58.949Z,0
2023-03-13T09:55:01.024Z,0
2023-03-13T09:55:04.517Z,0
2023-03-13T09:55:19.754Z,0
2023-03-13T09:55:19.755Z,0
2023-03-13T09:55:19.756Z,0
2023-03-13T09:55:19.757Z,0
2023-03-13T09:55:20.284Z,0
2023-03-13T09:55:20.285Z,0
2023-03-13T09:55:20.287Z,0
2023-03-13T09:55:20.288Z,0
2023-03-13T09:55:20.289Z,0
2023-03-13T09:55:20.29Z,0
2023-03-13T09:55:20.292Z,0
2023-03-13T09:55:20.293Z,0
2023-03-13T09:55:20.294Z,0
2023-03-13T09:55:20.296Z,0
2023-03-13T09:55:20.604Z,0
2023-03-13T09:55:20.605Z,0
2023-03-13T09:55:20.606Z,0
2023-03-13T09:55:20.607Z,0
2023-03-13T09:55:20.608Z,0
2023-03-13T09:55:21.026Z,0
2023-03-13T09:55:21.985Z,0
2023-03-13T09:55:22.945Z,0
2023-03-13T09:55:24.201Z,0
2023-03-13T09:55:25.041Z,0
2023-03-13T09:55:26.747Z,0
2023-03-13T09:55:27.185Z,0
2023-03-13T09:55:28.884Z,0
2023-03-13T09:55:29.361Z,0
2023-03-13T09:55:30.226Z,0
2023-03-13T09:55:31.59Z,0
2023-03-13T09:55:32.229Z,0
2023-03-13T09:55:33.804Z,0
2023-03-13T09:55:34.066Z,0
2023-03-13T09:56:51.005Z,0
2023-03-13T09:56:54.131Z,0
2023-03-13T09:56:54.132Z,0
2023-03-13T09:56:54.729Z,0
2023-03-13T09:56:55.155Z,0
2023-03-13T09:56:56.131Z,0
2023-03-13T09:56:57.01Z,0
2023-03-13T09:56:57.961Z,0
2023-03-13T09:56:59.163Z,0
2023-03-13T09:57:00.048Z,0
2023-03-13T09:57:01.451Z,0
2023-03-13T09:57:02.037Z,0
2023-03-13T09:57:04.082Z,0
2023-03-13T09:57:04.358Z,0
2023-03-13T09:57:10.604Z,0
2023-03-13T09:57:10.605Z,0
2023-03-13T09:57:11.561Z,0
2023-03-13T09:57:11.562Z,0
2023-03-13T09:57:11.564Z,0
2023-03-13T09:57:11.565Z,0
2023-03-13T09:57:11.93Z,0
2023-03-13T09:57:12.972Z,0
2023-03-13T09:57:13.153Z,0
2023-03-13T09:57:14.369Z,0
2023-03-13T09:57:15.609Z,0
2023-03-13T09:57:17.043Z,0
2023-03-13T09:57:18.833Z,0
2023-03-13T09:57:19.99Z,0
2023-03-13T09:57:20.663Z,0
2023-03-13T09:57:20.664Z,0
2023-03-13T09:57:21.761Z,0
2023-03-13T09:57:22.602Z,0
2023-03-13T09:57:25.167Z,0
2023-03-13T09:57:25.168Z,0
2023-03-13T09:57:25.479Z,0
2023-03-13T09:57:27.042Z,0
2023-03-13T09:57:28.559Z,0
2023-03-13T09:57:28.992Z,0
2023-03-13T09:57:29.72Z,0
2023-03-13T09:57:32.283Z,0
2023-03-13T09:57:32.284Z,0
2023-03-13T09:57:32.802Z,0
2023-03-13T09:57:34.281Z,0
2023-03-13T09:57:35.312Z,0
2023-03-13T09:57:35.689Z,0
2023-03-13T09:57:37.035Z,0
2023-03-13T09:57:39.072Z,0
2023-03-13T09:57:39.915Z,0
2023-03-13T09:57:42.889Z,0
2023-03-13T09:57:44.009Z,0
2023-03-13T09:57:44.01Z,0
2023-03-13T09:57:44.011Z,0
2023-03-13T09:57:44.44Z,0
2023-03-13T09:57:44.913Z,0
2023-03-13T09:57:46.601Z,0
2023-03-13T09:57:47.842Z,0
2023-03-13T09:57:50.123Z,0
2023-03-13T09:57:50.516Z,0
2023-03-13T09:57:50.518Z,0
2023-03-13T09:57:50.841Z,0
2023-03-13T09:57:52.093Z,0
2023-03-13T09:57:53.073Z,0
2023-03-13T09:57:54.121Z,0
2023-03-13T09:57:55.132Z,0
2023-03-13T09:57:56.84Z,0
2023-03-13T09:57:57.677Z,0
2023-03-13T09:57:57.961Z,0
2023-03-13T09:57:59.434Z,0
2023-03-13T09:58:00.728Z,0
2023-03-13T09:58:01.759Z,0
2023-03-13T09:58:02.123Z,0
2023-03-13T09:58:03.289Z,0
2023-03-13T09:58:04.572Z,0
2023-03-13T09:58:05.693Z,0
2023-03-13T09:58:06.361Z,0
2023-03-13T09:58:07.481Z,0
2023-03-13T09:58:08.441Z,0
2023-03-13T09:58:10.406Z,0
2023-03-13T09:58:10.753Z,0
2023-03-13T09:58:11.533Z,0
2023-03-13T09:58:12.729Z,0
2023-03-13T09:58:13.321Z,0
2023-03-13T09:58:14.561Z,0
2023-03-13T09:58:15.595Z,0
2023-03-13T09:58:16.401Z,0
2023-03-13T09:58:17.427Z,0
2023-03-13T09:58:18.444Z,0
2023-03-13T09:58:19.921Z,0
2023-03-13T09:58:20.561Z,0
2023-03-13T09:58:21.555Z,0
2023-03-13T09:58:22.563Z,0
2023-03-13T09:58:23.609Z,0
2023-03-13T09:58:24.612Z,0
2023-03-13T09:58:25.836Z,0
2023-03-13T09:58:26.681Z,0
2023-03-13T09:58:27.729Z,0
2023-03-13T09:58:28.721Z,0
2023-03-13T09:58:30.123Z,0
2023-03-13T09:58:30.72Z,0
2023-03-13T09:58:31.995Z,0
2023-03-13T09:58:33.841Z,0
2023-03-13T09:58:33.842Z,0
2023-03-13T09:58:34.808Z,0
2023-03-13T09:58:35.849Z,0
2023-03-13T09:58:36.889Z,0
2023-03-13T09:58:38.121Z,0
2023-03-13T09:58:38.947Z,0
2023-03-13T09:58:40.569Z,0
2023-03-13T09:58:40.814Z,0
2023-03-13T09:58:42.997Z,0
2023-03-13T09:58:43.243Z,0
2023-03-13T09:58:44.075Z,0
2023-03-13T09:58:45.252Z,0
2023-03-13T09:58:47.233Z,0
2023-03-13T09:58:47.234Z,0
2023-03-13T09:58:48.206Z,0
2023-03-13T09:58:49.21Z,0
2023-03-13T09:58:50.201Z,0
2023-03-13T09:58:51.717Z,0
2023-03-13T09:58:52.716Z,0
2023-03-13T09:58:53.129Z,0
2023-03-13T09:58:54.321Z,0
2023-03-13T09:58:55.76Z,0
2023-03-13T09:58:55.956Z,0
2023-03-13T09:58:57.473Z,0
2023-03-13T09:58:58.33Z,0
2023-03-13T09:58:59.201Z,0
2023-03-13T09:59:00.277Z,0
2023-03-13T09:59:01.933Z,0
2023-03-13T09:59:02.451Z,0
2023-03-13T09:59:03.735Z,0
2023-03-13T09:59:14.747Z,0
2023-03-13T09:59:14.748Z,0
2023-03-13T09:59:14.749Z,0
2023-03-13T09:59:14.75Z,0
2023-03-13T09:59:14.751Z,0
2023-03-13T09:59:14.753Z,0
2023-03-13T09:59:15.532Z,0
2023-03-13T09:59:15.533Z,0
2023-03-13T09:59:15.534Z,0
2023-03-13T09:59:15.535Z,0
2023-03-13T09:59:15.536Z,0
2023-03-13T09:59:15.851Z,0
2023-03-13T09:59:16.673Z,0
2023-03-13T09:59:18.272Z,0
2023-03-13T09:59:19.129Z,0
2023-03-13T09:59:19.554Z,0
2023-03-13T09:59:21.448Z,0
2023-03-13T09:59:22.283Z,0
2023-03-13T09:59:22.614Z,0
2023-03-13T09:59:24.434Z,0
2023-03-13T09:59:24.644Z,0
2023-03-13T09:59:25.953Z,0
2023-03-13T09:59:27.81Z,0
2023-03-13T09:59:28.21Z,0
2023-03-13T09:59:31.009Z,0
2023-03-13T09:59:32.996Z,0
2023-03-13T09:59:32.997Z,0
2023-03-13T09:59:33.349Z,0
2023-03-13T09:59:33.35Z,0
2023-03-13T09:59:34.672Z,0
2023-03-13T09:59:36.154Z,0
2023-03-13T09:59:42.085Z,0
2023-03-13T09:59:43.296Z,0
2023-03-13T09:59:43.297Z,0
2023-03-13T09:59:43.298Z,0
2023-03-13T09:59:43.299Z,0
2023-03-13T09:59:43.301Z,0
2023-03-13T09:59:43.302Z,0
2023-03-13T09:59:44.483Z,0
2023-03-13T09:59:47.482Z,0
2023-03-13T09:59:47.804Z,0
2023-03-13T09:59:47.805Z,0
2023-03-13T09:59:47.806Z,0
2023-03-13T09:59:48.842Z,0
2023-03-13T09:59:49.314Z,0
2023-03-13T09:59:50.445Z,0
2023-03-13T09:59:52.324Z,0
2023-03-13T09:59:52.648Z,0
2023-03-13T09:59:55.24Z,0
2023-03-13T09:59:55.241Z,0
2023-03-13T09:59:55.77Z,0
2023-03-13T09:59:56.97Z,0
2023-03-13T09:59:58.315Z,0
2023-03-13T09:59:58.672Z,0
2023-03-13T09:59:59.439Z,0
2023-03-13T10:00:01.715Z,0
2023-03-13T10:00:01.929Z,0
2023-03-13T10:00:03.64Z,0
2023-03-13T10:00:04.313Z,0
2023-03-13T10:00:04.562Z,0
2023-03-13T10:00:06.066Z,0
2023-03-13T10:00:07.592Z,0
2023-03-13T10:00:07.85Z,0
2023-03-13T10:00:08.642Z,0
2023-03-13T10:00:09.714Z,0
2023-03-13T10:00:10.754Z,0
2023-03-13T10:00:11.969Z,0
2023-03-13T10:00:12.521Z,0
2023-03-13T10:00:13.637Z,0
2023-03-13T10:00:15.253Z,0
2023-03-13T10:00:15.656Z,0
2023-03-13T10:00:17.602Z,0
2023-03-13T10:00:18.715Z,0
2023-03-13T10:00:18.994Z,0
2023-03-13T10:00:20.184Z,0
2023-03-13T10:00:21.282Z,0
2023-03-13T10:00:21.849Z,0
2023-03-13T10:00:23.69Z,0
2023-03-13T10:00:24.801Z,0
2023-03-13T10:00:25.074Z,0
2023-03-13T10:00:25.834Z,0
2023-03-13T10:00:27.122Z,0
2023-03-13T10:00:29.802Z,0
2023-03-13T10:00:29.803Z,0
2023-03-13T10:00:30.131Z,0
2023-03-13T10:00:33.323Z,0
2023-03-13T10:00:35.714Z,0
2023-03-13T10:00:35.716Z,0
2023-03-13T10:00:36.132Z,0
2023-03-13T10:00:36.133Z,0
2023-03-13T10:00:36.134Z,0
2023-03-13T10:00:37.331Z,0
2023-03-13T10:00:39.155Z,0
2023-03-13T10:00:39.368Z,0
2023-03-13T10:00:40.408Z,0
2023-03-13T10:00:41.194Z,0
2023-03-13T10:00:42.695Z,0
2023-03-13T10:00:43.046Z,0
2023-03-13T10:00:44.033Z,0
2023-03-13T10:00:45.293Z,0
2023-03-13T10:00:46.326Z,0
2023-03-13T10:00:47.333Z,0
2023-03-13T10:00:50.273Z,0
2023-03-13T10:00:50.274Z,0
2023-03-13T10:00:50.275Z,0
2023-03-13T10:00:52.235Z,0
2023-03-13T10:00:52.236Z,0
2023-03-13T10:01:00.513Z,0
2023-03-13T10:01:00.514Z,0
2023-03-13T10:01:00.516Z,0
2023-03-13T10:01:00.517Z,0
2023-03-13T10:01:00.519Z,0
2023-03-13T10:01:00.52Z,0
2023-03-13T10:01:00.521Z,0
2023-03-13T10:01:00.888Z,0
2023-03-13T10:01:01.467Z,0
2023-03-13T10:01:02.493Z,0
2023-03-13T10:01:03.521Z,0
2023-03-13T10:01:04.562Z,0
2023-03-13T10:01:05.563Z,0
2023-03-13T10:01:06.834Z,0
2023-03-13T10:01:07.827Z,0
2023-03-13T10:01:08.635Z,0
2023-03-13T10:01:09.875Z,0
2023-03-13T10:01:10.681Z,0
2023-03-13T10:01:11.723Z,0
2023-03-13T10:01:13.147Z,0
2023-03-13T10:01:14.837Z,0
2023-03-13T10:01:14.838Z,0
2023-03-13T10:01:15.789Z,0
2023-03-13T10:01:16.832Z,0
2023-03-13T10:01:17.92Z,0
2023-03-13T10:01:18.88Z,0
2023-03-13T10:01:21.82Z,0
2023-03-13T10:01:21.821Z,0
2023-03-13T10:01:22.193Z,0
2023-03-13T10:01:23.617Z,0
2023-03-13T10:01:23.801Z,0
2023-03-13T10:01:25.228Z,0
2023-03-13T10:01:26.057Z,0
2023-03-13T10:01:27.309Z,0
2023-03-13T10:01:27.904Z,0
2023-03-13T10:01:29.736Z,0
2023-03-13T10:01:29.953Z,0
2023-03-13T10:01:31Z,0
2023-03-13T10:01:32.602Z,0
2023-03-13T10:01:33.561Z,0
2023-03-13T10:01:36.201Z,0
2023-03-13T10:01:36.202Z,0
2023-03-13T10:01:37.745Z,0
2023-03-13T10:01:37.953Z,0
2023-03-13T10:01:37.954Z,0
2023-03-13T10:01:39.824Z,0
2023-03-13T10:01:40.306Z,0
2023-03-13T10:01:41.185Z,0
2023-03-13T10:01:42.274Z,0
2023-03-13T10:01:43.519Z,0
2023-03-13T10:01:44.353Z,0
2023-03-13T10:01:45.313Z,0
2023-03-13T10:01:46.529Z,0
2023-03-13T10:01:47.552Z,0
2023-03-13T10:01:48.434Z,0
2023-03-13T10:01:49.665Z,0
2023-03-13T10:01:50.444Z,0
2023-03-13T10:01:51.444Z,0
2023-03-13T10:01:52.669Z,0
2023-03-13T10:01:53.537Z,0
2023-03-13T10:01:54.513Z,0
2023-03-13T10:01:56.888Z,0
2023-03-13T10:01:57.203Z,0
2023-03-13T10:01:57.853Z,0
2023-03-13T10:01:59.045Z,0
2023-03-13T10:01:59.641Z,0
2023-03-13T10:02:00.672Z,0
2023-03-13T10:02:02.353Z,0
2023-03-13T10:02:02.674Z,0
2023-03-13T10:02:03.553Z,0
2023-03-13T10:02:04.547Z,0
2023-03-13T10:02:06.001Z,0
2023-03-13T10:02:06.604Z,0
2023-03-13T10:02:09.929Z,0
2023-03-13T10:02:10.568Z,0
2023-03-13T10:02:10.57Z,0
2023-03-13T10:02:10.928Z,0
2023-03-13T10:02:11.969Z,0
2023-03-13T10:02:12.809Z,0
2023-03-13T10:02:14.033Z,0
2023-03-13T10:02:14.649Z,0
2023-03-13T10:02:16.037Z,0
2023-03-13T10:02:17.803Z,0
2023-03-13T10:02:18.281Z,0
2023-03-13T10:02:19.519Z,0
2023-03-13T10:02:19.802Z,0
2023-03-13T10:02:21.506Z,0
2023-03-13T10:02:21.841Z,0
2023-03-13T10:02:24.675Z,0
2023-03-13T10:02:24.676Z,0
2023-03-13T10:02:24.848Z,0
2023-03-13T10:02:27.114Z,0
2023-03-13T10:02:27.553Z,0
2023-03-13T10:02:28.128Z,0
2023-03-13T10:02:40.371Z,0
2023-03-13T10:02:40.372Z,0
2023-03-13T10:02:45.155Z,0
2023-03-13T10:02:45.156Z,0
2023-03-13T10:02:45.157Z,0
2023-03-13T10:02:45.158Z,0
2023-03-13T10:02:45.159Z,0
2023-03-13T10:02:45.16Z,0
2023-03-13T10:02:45.161Z,0
2023-03-13T10:02:45.162Z,0
2023-03-13T10:02:45.164Z,0
2023-03-13T10:02:45.165Z,0
2023-03-13T10:02:46.523Z,0
2023-03-13T10:02:46.524Z,0
2023-03-13T10:02:46.525Z,0
2023-03-13T10:02:46.526Z,0
2023-03-13T10:02:46.528Z,0
2023-03-13T10:02:46.769Z,0
2023-03-13T10:02:49.929Z,0
2023-03-13T10:02:49.93Z,0
2023-03-13T10:02:49.931Z,0
2023-03-13T10:02:50.243Z,0
2023-03-13T10:02:57.622Z,0
2023-03-13T10:02:57.623Z,0
2023-03-13T10:02:57.624Z,0
2023-03-13T10:02:57.625Z,0
2023-03-13T10:02:57.626Z,0
2023-03-13T10:02:57.627Z,0
2023-03-13T10:02:57.835Z,0
2023-03-13T10:02:59.03Z,0
2023-03-13T10:02:59.672Z,0
2023-03-13T10:03:00.904Z,0
2023-03-13T10:03:02.144Z,0
2023-03-13T10:03:02.978Z,0
2023-03-13T10:03:03.838Z,0
2023-03-13T10:03:04.877Z,0
2023-03-13T10:03:05.831Z,0
2023-03-13T10:03:07.065Z,0
2023-03-13T10:03:07.875Z,0
2023-03-13T10:03:09.102Z,0
2023-03-13T10:03:09.963Z,0
2023-03-13T10:03:10.95Z,0
2023-03-13T10:03:11.993Z,0
2023-03-13T10:03:13.031Z,0
2023-03-13T10:03:13.992Z,0
2023-03-13T10:03:15.023Z,0
2023-03-13T10:03:16.078Z,0
2023-03-13T10:03:17.071Z,0
2023-03-13T10:03:18.102Z,0
2023-03-13T10:03:18.911Z,0
2023-03-13T10:03:19.916Z,0
2023-03-13T10:03:21.186Z,0
2023-03-13T10:03:22.392Z,0
2023-03-13T10:03:23.222Z,0
2023-03-13T10:03:24.232Z,0
2023-03-13T10:03:26.258Z,0
2023-03-13T10:03:26.478Z,0
2023-03-13T10:03:27.155Z,0
2023-03-13T10:03:28.352Z,0
2023-03-13T10:03:29.381Z,0
2023-03-13T10:03:30.158Z,0
2023-03-13T10:03:31.189Z,0
2023-03-13T10:03:32.949Z,0
2023-03-13T10:03:33.27Z,0
2023-03-13T10:03:34.429Z,0
2023-03-13T10:03:35.315Z,0
2023-03-13T10:03:36.551Z,0
2023-03-13T10:03:37.501Z,0
2023-03-13T10:06:03.469Z,0
2023-03-13T10:06:04.389Z,0
2023-03-13T10:06:05.789Z,0
2023-03-13T10:06:07.027Z,0
2023-03-13T10:06:07.273Z,0
2023-03-13T10:06:08.484Z,0
2023-03-13T10:06:09.549Z,0
2023-03-13T10:06:10.604Z,0
2023-03-13T10:06:11.741Z,0
2023-03-13T10:06:12.581Z,0
2023-03-13T10:06:13.74Z,0
2023-03-13T10:06:14.668Z,0
2023-03-13T10:06:15.476Z,0
2023-03-13T10:06:16.508Z,0
2023-03-13T10:06:17.505Z,0
2023-03-13T10:06:18.548Z,0
2023-03-13T10:06:19.558Z,0
2023-03-13T10:06:20.588Z,0
2023-03-13T10:06:21.931Z,0
2023-03-13T10:06:22.622Z,0
2023-03-13T10:06:23.838Z,0
2023-03-13T10:06:24.833Z,0
2023-03-13T10:06:25.718Z,0
2023-03-13T10:06:26.717Z,0
2023-03-13T10:06:27.801Z,0
2023-03-13T10:06:28.781Z,0
2023-03-13T10:06:29.752Z,0
2023-03-13T10:06:30.805Z,0
2023-03-13T10:06:31.838Z,0
2023-03-13T10:06:32.836Z,0
2023-03-13T10:06:33.872Z,0
2023-03-13T10:06:34.886Z,0
2023-03-13T10:06:35.95Z,0
2023-03-13T10:06:36.917Z,0
2023-03-13T10:06:37.981Z,0
2023-03-13T10:06:38.964Z,0
2023-03-13T10:06:40.309Z,0
2023-03-13T10:06:41.062Z,0
2023-03-13T10:06:42.108Z,0
2023-03-13T10:06:42.878Z,0
2023-03-13T10:06:43.948Z,0
2023-03-13T10:06:44.909Z,0
2023-03-13T10:06:45.957Z,0
2023-03-13T10:06:47.181Z,0
2023-03-13T10:06:47.997Z,0
2023-03-13T10:06:49.02Z,0
2023-03-13T10:06:50.239Z,0
2023-03-13T10:06:51.07Z,0
2023-03-13T10:06:52.077Z,0
2023-03-13T10:06:53.268Z,0
2023-03-13T10:06:54.197Z,0
2023-03-13T10:06:56.485Z,0
2023-03-13T10:06:56.486Z,0
2023-03-13T10:06:57.357Z,0
2023-03-13T10:06:58.238Z,0
2023-03-13T10:06:59.7Z,0
2023-03-13T10:07:00.302Z,0
2023-03-13T10:07:01.31Z,0
2023-03-13T10:07:02.364Z,0
2023-03-13T10:07:03.362Z,0
2023-03-13T10:07:04.432Z,0
2023-03-13T10:07:05.447Z,0
2023-03-13T10:07:06.465Z,0
2023-03-13T10:07:07.551Z,0
2023-03-13T10:07:08.518Z,0
2023-03-13T10:07:09.52Z,0
2023-03-13T10:07:10.541Z,0
2023-03-13T10:07:11.548Z,0
2023-03-13T10:07:12.712Z,0
2023-03-13T10:07:13.604Z,0
2023-03-13T10:07:14.636Z,0
2023-03-13T10:07:15.723Z,0
2023-03-13T10:07:17.041Z,0
2023-03-13T10:07:17.716Z,0
2023-03-13T10:07:18.78Z,0
2023-03-13T10:07:19.517Z,0
2023-03-13T10:07:20.958Z,0
2023-03-13T10:07:21.829Z,0
2023-03-13T10:07:22.862Z,0
2023-03-13T10:07:23.838Z,0
2023-03-13T10:07:24.887Z,0
2023-03-13T10:07:25.741Z,0
2023-03-13T10:07:26.702Z,0
2023-03-13T10:07:28.221Z,0
2023-03-13T10:07:28.781Z,0
2023-03-13T10:07:29.982Z,0
2023-03-13T10:07:30.789Z,0
2023-03-13T10:07:31.885Z,0
2023-03-13T10:07:32.826Z,0
2023-03-13T10:07:33.912Z,0
2023-03-13T10:07:34.95Z,0
2023-03-13T10:07:35.908Z,0
2023-03-13T10:07:36.958Z,0
2023-03-13T10:07:37.982Z,0
2023-03-13T10:07:39.1Z,0
2023-03-13T10:07:40.037Z,0
2023-03-13T10:07:41.306Z,0
2023-03-13T10:07:42.301Z,0
2023-03-13T10:07:43.116Z,0
2023-03-13T10:07:44.148Z,0
2023-03-13T10:07:45.149Z,0
2023-03-13T10:07:46.197Z,0
2023-03-13T10:07:47.26Z,0
2023-03-13T10:07:48Z,0
2023-03-13T10:07:49.268Z,0
2023-03-13T10:07:50.141Z,0
2023-03-13T10:07:51.281Z,0
2023-03-13T10:07:52.34Z,0
2023-03-13T10:07:53.548Z,0
2023-03-13T10:07:54.381Z,0
2023-03-13T10:07:55.357Z,0
2023-03-13T10:07:56.42Z,0
2023-03-13T10:07:57.444Z,0
2023-03-13T10:07:58.226Z,0
2023-03-13T10:07:59.528Z,0
2023-03-13T10:08:00.362Z,0
2023-03-13T10:08:01.588Z,0
2023-03-13T10:08:02.383Z,0
2023-03-13T10:08:03.632Z,0
2023-03-13T10:08:04.364Z,0
2023-03-13T10:08:05.708Z,0
2023-03-13T10:08:06.499Z,0
2023-03-13T10:08:07.676Z,0
2023-03-13T10:08:08.822Z,0
2023-03-13T10:08:09.508Z,0
2023-03-13T10:08:10.548Z,0
2023-03-13T10:08:11.55Z,0
2023-03-13T10:08:12.622Z,0
2023-03-13T10:08:13.824Z,0
2023-03-13T10:08:14.654Z,0
2023-03-13T10:08:15.868Z,0
2023-03-13T10:08:16.703Z,0
2023-03-13T10:08:17.71Z,0
2023-03-13T10:08:18.749Z,0
2023-03-13T10:08:19.981Z,0
2023-03-13T10:08:20.821Z,0
2023-03-13T10:08:21.789Z,0
2023-03-13T10:08:22.829Z,0
2023-03-13T10:08:24.264Z,0
2023-03-13T10:08:24.893Z,0
2023-03-13T10:08:25.916Z,0
2023-03-13T10:08:26.989Z,0
2023-03-13T10:08:28.188Z,0
2023-03-13T10:08:29.462Z,0
2023-03-13T10:08:29.825Z,0
2023-03-13T10:08:31.027Z,0
2023-03-13T10:08:32.038Z,0
2023-03-13T10:08:33.076Z,0
2023-03-13T10:08:34.301Z,0
2023-03-13T10:08:35.14Z,0
2023-03-13T10:08:36.15Z,0
2023-03-13T10:08:37.152Z,0
2023-03-13T10:08:38.191Z,0
2023-03-13T10:08:39.233Z,0
2023-03-13T10:08:40.258Z,0
2023-03-13T10:08:41.274Z,0
2023-03-13T10:08:42.305Z,0
2023-03-13T10:08:43.342Z,0
2023-03-13T10:08:44.126Z,0
2023-03-13T10:11:37.04Z,0
2023-03-13T10:11:38.247Z,0
2023-03-13T10:11:39.882Z,0
2023-03-13T10:11:39.884Z,0
2023-03-13T10:11:40.858Z,0
2023-03-13T10:11:43.037Z,0
2023-03-13T10:11:43.427Z,0
2023-03-13T10:11:44.195Z,0
2023-03-13T10:11:45.796Z,0
2023-03-13T10:11:46.061Z,0
2023-03-13T10:11:47.755Z,0
2023-03-13T10:11:48.163Z,0
2023-03-13T10:11:49.315Z,0
2023-03-13T10:11:50.112Z,0
2023-03-13T10:11:51.71Z,0
2023-03-13T10:11:52.26Z,0
2023-03-13T10:11:53.143Z,0
2023-03-13T10:11:54.391Z,0
2023-03-13T10:11:55.24Z,0
2023-03-13T10:11:56.283Z,0
2023-03-13T10:11:57.501Z,0
2023-03-13T10:11:58.273Z,0
2023-03-13T10:11:59.275Z,0
2023-03-13T10:12:00.339Z,0
2023-03-13T10:12:01.355Z,0
2023-03-13T10:12:02.377Z,0
2023-03-13T10:12:03.388Z,0
2023-03-13T10:12:04.394Z,0
2023-03-13T10:12:05.477Z,0
2023-03-13T10:12:06.501Z,0
2023-03-13T10:12:07.515Z,0
2023-03-13T10:12:08.276Z,0
2023-03-13T10:12:09.779Z,0
2023-03-13T10:12:10.62Z,0
2023-03-13T10:12:11.636Z,0
2023-03-13T10:12:12.619Z,0
2023-03-13T10:12:13.628Z,0
2023-03-13T10:12:14.659Z,0
2023-03-13T10:12:16.509Z,0
2023-03-13T10:12:16.511Z,0
2023-03-13T10:12:17.787Z,0
2023-03-13T10:12:18.828Z,0
2023-03-13T10:12:19.636Z,0
2023-03-13T10:12:20.871Z,0
2023-03-13T10:12:21.638Z,0
2023-03-13T10:12:22.874Z,0
2023-03-13T10:12:24.301Z,0
2023-03-13T10:12:24.506Z,0
2023-03-13T10:12:25.699Z,0
2023-03-13T10:12:27.259Z,0
2023-03-13T10:12:27.595Z,0
2023-03-13T10:12:28.795Z,0
2023-03-13T10:12:30.029Z,0
2023-03-13T10:12:30.906Z,0
2023-03-13T10:12:32.074Z,0
2023-03-13T10:12:32.875Z,0
2023-03-13T10:12:33.927Z,0
2023-03-13T10:12:34.948Z,0
2023-03-13T10:12:35.999Z,0
2023-03-13T10:12:37.024Z,0
2023-03-13T10:12:38.003Z,0
2023-03-13T10:12:39.083Z,0
2023-03-13T10:12:40.139Z,0
2023-03-13T10:12:41.153Z,0
2023-03-13T10:12:42.187Z,0
2023-03-13T10:12:43.138Z,0
2023-03-13T10:12:44.187Z,0
2023-03-13T10:12:45.203Z,0
2023-03-13T10:12:46.219Z,0
2023-03-13T10:12:47.275Z,0
2023-03-13T10:12:48.234Z,0
2023-03-13T10:12:49.307Z,0
2023-03-13T10:12:50.304Z,0
2023-03-13T10:12:51.34Z,0
2023-03-13T10:12:52.551Z,0
2023-03-13T10:12:53.831Z,0
2023-03-13T10:12:54.112Z,0
2023-03-13T10:12:55.228Z,0
2023-03-13T10:12:56.686Z,0
2023-03-13T10:12:57.435Z,0
2023-03-13T10:12:58.475Z,0
2023-03-13T10:12:59.509Z,0
2023-03-13T10:13:00.557Z,0
2023-03-13T10:13:01.391Z,0
2023-03-13T10:13:02.427Z,0
2023-03-13T10:13:03.587Z,0
2023-03-13T10:13:04.461Z,0
2023-03-13T10:13:05.659Z,0
2023-03-13T10:13:06.499Z,0
2023-03-13T10:13:07.499Z,0
2023-03-13T10:13:08.538Z,0
2023-03-13T10:13:09.595Z,0
2023-03-13T10:13:10.623Z,0
2023-03-13T10:13:11.636Z,0
2023-03-13T10:13:12.619Z,0
2023-03-13T10:13:13.674Z,0
2023-03-13T10:13:14.699Z,0
2023-03-13T10:13:15.707Z,0
2023-03-13T10:13:16.741Z,0
2023-03-13T10:13:17.747Z,0
2023-03-13T10:13:18.794Z,0
2023-03-13T10:13:19.779Z,0
2023-03-13T10:13:20.805Z,0
2023-03-13T10:13:21.867Z,0
2023-03-13T10:13:22.915Z,0
2023-03-13T10:13:23.901Z,0
2023-03-13T10:13:24.883Z,0
2023-03-13T10:13:25.912Z,0
2023-03-13T10:13:26.962Z,0
2023-03-13T10:13:28.007Z,0
2023-03-13T10:13:29.045Z,0
2023-03-13T10:13:30.614Z,0
2023-03-13T10:13:30.908Z,0
2023-03-13T10:13:32.139Z,0
2023-03-13T10:13:32.915Z,0
2023-03-13T10:13:34.155Z,0
2023-03-13T10:13:35.126Z,0
2023-03-13T10:13:36.163Z,0
2023-03-13T10:13:36.981Z,0
2023-03-13T10:13:38.299Z,0
2023-03-13T10:13:39.316Z,0
2023-03-13T10:13:40.147Z,0
2023-03-13T10:13:41.308Z,0
2023-03-13T10:13:42.826Z,0
2023-03-13T10:13:43.189Z,0
2023-03-13T10:13:44.379Z,0
2023-03-13T10:13:45.195Z,0
2023-03-13T10:13:46.195Z,0
2023-03-13T10:13:47.702Z,0
2023-03-13T10:13:48.139Z,0
2023-03-13T10:13:49.275Z,0
2023-03-13T10:13:50.51Z,0
2023-03-13T10:13:51.323Z,0
2023-03-13T10:13:52.859Z,0
2023-03-13T10:13:53.347Z,0
2023-03-13T10:13:54.402Z,0
2023-03-13T10:13:55.435Z,0
2023-03-13T10:13:56.475Z,0
2023-03-13T10:13:57.503Z,0
2023-03-13T10:13:58.459Z,0
2023-03-13T10:13:59.834Z,0
2023-03-13T10:14:00.562Z,0
2023-03-13T10:14:01.579Z,0
2023-03-13T10:14:02.668Z,0
2023-03-13T10:14:03.629Z,0
2023-03-13T10:14:04.668Z,0
2023-03-13T10:14:05.707Z,0
2023-03-13T10:14:06.788Z,0
2023-03-13T10:14:08.302Z,0
2023-03-13T10:14:08.588Z,0
2023-03-13T10:14:10.374Z,0
2023-03-13T10:14:10.563Z,0
2023-03-13T10:14:11.606Z,0
2023-03-13T10:14:12.621Z,0
2023-03-13T10:14:13.662Z,0
2023-03-13T10:14:14.915Z,0
2023-03-13T10:14:16.347Z,0
2023-03-13T10:14:16.714Z,0
2023-03-13T10:14:17.952Z,0
2023-03-13T10:14:18.802Z,0
2023-03-13T10:14:20.06Z,0
2023-03-13T10:14:20.867Z,0
2023-03-13T10:14:22.059Z,0
2023-03-13T10:14:23.043Z,0
2023-03-13T10:14:23.938Z,0
2023-03-13T10:14:24.957Z,0
2023-03-13T10:14:26.147Z,0
2023-03-13T10:14:26.988Z,0
2023-03-13T10:14:27.995Z,0
2023-03-13T10:14:29.289Z,0
2023-03-13T10:14:30.115Z,0
2023-03-13T10:14:31.307Z,0
2023-03-13T10:14:32.12Z,0
2023-03-13T10:14:33.14Z,0
2023-03-13T10:14:34.619Z,0
2023-03-13T10:14:35.019Z,0
2023-03-13T10:14:36.155Z,0
2023-03-13T10:14:37.227Z,0
2023-03-13T10:14:38.235Z,0
2023-03-13T10:14:39.827Z,0
2023-03-13T10:14:40.116Z,0
2023-03-13T10:14:41.28Z,0
2023-03-13T10:14:42.459Z,0
2023-03-13T10:14:43.387Z,0
2023-03-13T10:14:44.395Z,0
2023-03-13T10:14:45.418Z,0
2023-03-13T10:14:46.427Z,0
2023-03-13T10:14:47.429Z,0
2023-03-13T10:14:48.506Z,0
2023-03-13T10:14:49.343Z,0
2023-03-13T10:14:50.588Z,0
2023-03-13T10:14:51.552Z,0
2023-03-13T10:14:52.558Z,0
2023-03-13T10:14:53.629Z,0
2023-03-13T10:14:54.618Z,0
2023-03-13T10:14:55.751Z,0
2023-03-13T10:14:56.467Z,0
2023-03-13T10:14:58.518Z,0
2023-03-13T10:14:58.758Z,0
2023-03-13T10:14:59.549Z,0
2023-03-13T10:15:00.542Z,0
2023-03-13T10:15:01.619Z,0
2023-03-13T10:15:02.803Z,0
2023-03-13T10:15:03.586Z,0
2023-03-13T10:15:04.674Z,0
2023-03-13T10:15:05.985Z,0
2023-03-13T10:15:06.714Z,0
2023-03-13T10:15:08.348Z,0
2023-03-13T10:15:08.595Z,0
2023-03-13T10:15:09.795Z,0
2023-03-13T10:15:10.803Z,0
2023-03-13T10:15:11.819Z,0
2023-03-13T10:15:12.828Z,0
2023-03-13T10:15:13.875Z,0
2023-03-13T10:15:15.358Z,0
2023-03-13T10:15:15.835Z,0
2023-03-13T10:15:16.916Z,0
2023-03-13T10:15:17.974Z,0
2023-03-13T10:15:19.259Z,0
2023-03-13T10:15:20.027Z,0
2023-03-13T10:15:21.075Z,0
2023-03-13T10:15:22.114Z,0
2023-03-13T10:15:23.075Z,0
2023-03-13T10:15:24.122Z,0
2023-03-13T10:15:25.166Z,0
2023-03-13T10:15:25.899Z,0
2023-03-13T10:15:27.194Z,0
2023-03-13T10:15:28.22Z,0
2023-03-13T10:15:29.226Z,0
2023-03-13T10:15:30.267Z,0
2023-03-13T10:15:31.103Z,0
2023-03-13T10:15:32.298Z,0
2023-03-13T10:15:33.267Z,0
2023-03-13T10:15:34.462Z,0
2023-03-13T10:15:35.263Z,0
2023-03-13T10:15:36.514Z,0
2023-03-13T10:15:37.499Z,0
2023-03-13T10:15:38.277Z,0
2023-03-13T10:15:39.338Z,0
2023-03-13T10:15:40.594Z,0
2023-03-13T10:15:41.318Z,0
2023-03-13T10:15:42.547Z,0
2023-03-13T10:15:43.663Z,0
2023-03-13T10:15:44.379Z,0
2023-03-13T10:15:45.421Z,0
2023-03-13T10:15:46.46Z,0
2023-03-13T10:15:47.548Z,0
2023-03-13T10:15:48.587Z,0
2023-03-13T10:15:49.627Z,0
2023-03-13T10:15:50.542Z,0
2023-03-13T10:15:51.583Z,0
2023-03-13T10:15:52.831Z,0
2023-03-13T10:15:53.706Z,0
2023-03-13T10:17:25.2Z,0
2023-03-13T10:17:26.375Z,26.454021453857422
2023-03-13T10:17:27.551Z,26.41666603088379
2023-03-13T10:17:28.023Z,26.435344696044922
2023-03-13T10:17:29.199Z,26.491378784179688
2023-03-13T10:17:30.625Z,26.510055541992188
2023-03-13T10:17:31.273Z,26.491378784179688
2023-03-13T10:17:32.515Z,26.510055541992188
2023-03-13T10:17:33.111Z,26.472700119018555
2023-03-13T10:17:34.597Z,26.491378784179688
2023-03-13T10:17:35.151Z,26.52873420715332
2023-03-13T10:17:36.155Z,26.52873420715332
2023-03-13T10:17:37.216Z,26.566091537475586
2023-03-13T10:17:38.261Z,26.547412872314453
2023-03-13T10:17:39.304Z,26.510055541992188
2023-03-13T10:17:40.423Z,26.547412872314453
2023-03-13T10:17:41.503Z,26.547412872314453
2023-03-13T10:17:42.319Z,26.52873420715332
2023-03-13T10:17:43.351Z,26.52873420715332
2023-03-13T10:17:44.383Z,26.510055541992188
2023-03-13T10:17:45.392Z,26.547412872314453
2023-03-13T10:17:46.681Z,26.547412872314453
2023-03-13T10:17:47.472Z,26.566091537475586
2023-03-13T10:17:48.314Z,26.510055541992188
2023-03-13T10:17:50.06Z,26.566091537475586
2023-03-13T10:17:50.376Z,26.566091537475586
2023-03-13T10:17:51.759Z,26.547412872314453
2023-03-13T10:17:52.589Z,26.52873420715332
2023-03-13T10:17:53.591Z,26.52873420715332
2023-03-13T10:17:54.873Z,26.547412872314453
2023-03-13T10:17:55.634Z,26.52873420715332
2023-03-13T10:17:56.884Z,26.547412872314453
2023-03-13T10:17:57.68Z,26.547412872314453
2023-03-13T10:17:59.32Z,26.58477020263672
2023-03-13T10:18:00.504Z,26.547412872314453
2023-03-13T10:18:00.962Z,26.60344696044922
2023-03-13T10:18:02.778Z,26.58477020263672
2023-03-13T10:18:03.377Z,26.566091537475586
2023-03-13T10:18:04.679Z,26.659481048583984
2023-03-13T10:18:05.298Z,26.62212562561035
2023-03-13T10:18:07.263Z,26.58477020263672
2023-03-13T10:18:07.264Z,26.62212562561035
2023-03-13T10:18:07.719Z,26.640804290771484
2023-03-13T10:18:08.951Z,26.60344696044922
2023-03-13T10:18:10.903Z,26.62212562561035
2023-03-13T10:18:11.271Z,26.58477020263672
2023-03-13T10:18:11.601Z,26.659481048583984
2023-03-13T10:18:13.193Z,26.640804290771484
2023-03-13T10:18:14.106Z,26.62212562561035
2023-03-13T10:18:15.174Z,26.62212562561035
2023-03-13T10:18:15.951Z,26.62212562561035
2023-03-13T10:18:16.95Z,26.58477020263672
2023-03-13T10:18:18.303Z,26.640804290771484
2023-03-13T10:18:19.118Z,26.62212562561035
2023-03-13T10:18:20.111Z,26.58477020263672
2023-03-13T10:18:20.915Z,26.60344696044922
2023-03-13T10:18:22.151Z,26.60344696044922
2023-03-13T10:18:22.983Z,26.60344696044922
2023-03-13T10:18:24.92Z,26.60344696044922
2023-03-13T10:18:25.744Z,26.60344696044922
2023-03-13T10:18:26.063Z,26.640804290771484
2023-03-13T10:18:27.099Z,26.640804290771484
2023-03-13T10:18:28.144Z,26.62212562561035
2023-03-13T10:18:29.344Z,26.640804290771484
2023-03-13T10:18:30.159Z,26.62212562561035
2023-03-13T10:18:31.717Z,26.69683837890625
2023-03-13T10:18:32.042Z,26.69683837890625
2023-03-13T10:18:34.382Z,26.69683837890625
2023-03-13T10:18:34.997Z,26.69683837890625
2023-03-13T10:18:35.359Z,26.71551513671875
2023-03-13T10:18:36.295Z,26.678159713745117
2023-03-13T10:18:37.338Z,26.69683837890625
2023-03-13T10:18:38.383Z,26.69683837890625
2023-03-13T10:18:39.623Z,26.678159713745117
2023-03-13T10:18:40.417Z,26.71551513671875
2023-03-13T10:18:42.91Z,26.71551513671875
2023-03-13T10:18:42.911Z,26.678159713745117
2023-03-13T10:18:43.869Z,26.678159713745117
2023-03-13T10:18:44.509Z,26.69683837890625
2023-03-13T10:18:45.667Z,26.69683837890625
2023-03-13T10:18:46.504Z,26.678159713745117
2023-03-13T10:18:47.943Z,26.71551513671875
2023-03-13T10:18:48.815Z,26.71551513671875
2023-03-13T10:18:49.832Z,26.678159713745117
2023-03-13T10:18:50.639Z,26.659481048583984
2023-03-13T10:18:53.119Z,26.678159713745117
2023-03-13T10:18:53.12Z,26.69683837890625
2023-03-13T10:18:53.749Z,26.71551513671875
2023-03-13T10:18:54.983Z,26.678159713745117
2023-03-13T10:18:55.964Z,26.71551513671875
2023-03-13T10:18:56.563Z,26.734193801879883
2023-03-13T10:18:57.998Z,26.734193801879883
2023-03-13T10:18:58.638Z,26.71551513671875
2023-03-13T10:19:00.55Z,26.678159713745117
2023-03-13T10:19:00.872Z,26.734193801879883
2023-03-13T10:19:04.501Z,26.71551513671875
2023-03-13T10:19:04.502Z,26.734193801879883
2023-03-13T10:19:04.504Z,26.734193801879883
2023-03-13T10:19:04.759Z,26.69683837890625
2023-03-13T10:19:05.993Z,26.71551513671875
2023-03-13T10:19:08.4Z,26.734193801879883
2023-03-13T10:19:08.401Z,26.71551513671875
2023-03-13T10:19:08.695Z,26.69683837890625
2023-03-13T10:19:10.075Z,26.69683837890625
2023-03-13T10:19:10.911Z,26.659481048583984
2023-03-13T10:19:11.975Z,26.71551513671875
2023-03-13T10:19:14.193Z,26.69683837890625
2023-03-13T10:19:14.195Z,26.71551513671875
2023-03-13T10:19:15.656Z,26.678159713745117
2023-03-13T10:19:15.879Z,26.71551513671875
2023-03-13T10:19:17.014Z,26.659481048583984
2023-03-13T10:19:18.442Z,26.734193801879883
2023-03-13T10:19:19.303Z,26.69683837890625
2023-03-13T10:19:20.116Z,26.69683837890625
2023-03-13T10:19:21.423Z,26.71551513671875
2023-03-13T10:19:22.189Z,26.69683837890625
2023-03-13T10:19:23.191Z,26.734193801879883
2023-03-13T10:19:25.04Z,26.69683837890625
2023-03-13T10:19:25.041Z,26.734193801879883
2023-03-13T10:19:26.479Z,26.734193801879883
2023-03-13T10:19:27.518Z,26.71551513671875
2023-03-13T10:19:28.307Z,26.69683837890625
2023-03-13T10:19:30.377Z,26.71551513671875
2023-03-13T10:19:30.378Z,26.69683837890625
2023-03-13T10:19:31.359Z,26.752872467041016
2023-03-13T10:19:32.823Z,26.71551513671875
2023-03-13T10:19:33.583Z,26.640804290771484
2023-03-13T10:19:35.231Z,26.659481048583984
2023-03-13T10:19:35.512Z,26.71551513671875
2023-03-13T10:19:36.534Z,26.659481048583984
2023-03-13T10:19:38.883Z,26.678159713745117
2023-03-13T10:19:40.2Z,26.640804290771484
2023-03-13T10:19:42.386Z,26.640804290771484
2023-03-13T10:19:42.387Z,26.60344696044922
2023-03-13T10:19:42.823Z,26.659481048583984
2023-03-13T10:19:42.824Z,26.62212562561035
2023-03-13T10:19:44.509Z,26.62212562561035
2023-03-13T10:19:44.997Z,26.659481048583984
2023-03-13T10:19:45.342Z,26.678159713745117
2023-03-13T10:19:47.4Z,26.71551513671875
2023-03-13T10:19:47.401Z,26.640804290771484
2023-03-13T10:19:48.581Z,26.659481048583984
2023-03-13T10:19:49.664Z,26.640804290771484
2023-03-13T10:19:50.664Z,26.640804290771484
2023-03-13T10:19:51.682Z,26.678159713745117
2023-03-13T10:19:52.711Z,26.62212562561035
2023-03-13T10:19:54.375Z,26.60344696044922
2023-03-13T10:19:55.03Z,26.62212562561035
2023-03-13T10:19:55.759Z,26.62212562561035
2023-03-13T10:19:57.184Z,26.58477020263672
2023-03-13T10:19:57.948Z,26.58477020263672
2023-03-13T10:19:58.837Z,26.566091537475586
2023-03-13T10:20:00.27Z,26.58477020263672
2023-03-13T10:20:00.879Z,26.60344696044922
2023-03-13T10:20:02.16Z,26.62212562561035
2023-03-13T10:20:03.175Z,26.60344696044922
2023-03-13T10:20:04.156Z,26.60344696044922
2023-03-13T10:20:07.278Z,26.640804290771484
2023-03-13T10:20:07.28Z,26.58477020263672
2023-03-13T10:20:08.15Z,26.60344696044922
2023-03-13T10:20:08.456Z,26.58477020263672
2023-03-13T10:20:09.07Z,26.58477020263672
2023-03-13T10:20:10.142Z,26.62212562561035
2023-03-13T10:20:11.319Z,26.62212562561035
2023-03-13T10:20:11.944Z,26.62212562561035
2023-03-13T10:20:12.959Z,26.62212562561035
2023-03-13T10:20:16.436Z,26.62212562561035
2023-03-13T10:20:16.437Z,26.60344696044922
2023-03-13T10:20:17.11Z,26.640804290771484
2023-03-13T10:20:17.274Z,26.640804290771484
2023-03-13T10:20:18.065Z,26.640804290771484
2023-03-13T10:20:19.335Z,26.640804290771484
2023-03-13T10:20:24.223Z,26.640804290771484
2023-03-13T10:20:24.225Z,26.678159713745117
2023-03-13T10:20:24.226Z,26.62212562561035
2023-03-13T10:20:24.227Z,26.678159713745117
2023-03-13T10:20:24.228Z,26.640804290771484
2023-03-13T10:20:25.262Z,26.678159713745117
2023-03-13T10:20:26.302Z,26.678159713745117
2023-03-13T10:20:28.119Z,26.659481048583984
2023-03-13T10:20:28.12Z,26.640804290771484
2023-03-13T10:20:29.357Z,26.62212562561035
2023-03-13T10:20:32.304Z,26.60344696044922
2023-03-13T10:20:32.306Z,26.640804290771484
2023-03-13T10:20:32.703Z,26.62212562561035
2023-03-13T10:20:33.623Z,26.659481048583984
2023-03-13T10:20:34.678Z,26.69683837890625
2023-03-13T10:20:35.917Z,26.640804290771484
2023-03-13T10:20:36.798Z,26.640804290771484
2023-03-13T10:20:38.399Z,26.659481048583984
2023-03-13T10:20:39.342Z,26.640804290771484
2023-03-13T10:20:41.151Z,26.659481048583984
2023-03-13T10:20:42.385Z,26.62212562561035
2023-03-13T10:20:42.386Z,26.678159713745117
2023-03-13T10:20:43.104Z,26.659481048583984
2023-03-13T10:20:52.222Z,26.659481048583984
2023-03-13T10:20:52.224Z,26.62212562561035
2023-03-13T10:20:52.225Z,26.659481048583984
2023-03-13T10:20:52.226Z,26.62212562561035
2023-03-13T10:20:52.227Z,26.640804290771484
2023-03-13T10:20:55.679Z,26.640804290771484
2023-03-13T10:20:55.68Z,26.640804290771484
2023-03-13T10:20:55.682Z,26.640804290771484
2023-03-13T10:20:55.683Z,26.69683837890625
2023-03-13T10:20:56.55Z,26.659481048583984
2023-03-13T10:20:56.551Z,26.60344696044922
2023-03-13T10:20:56.552Z,26.659481048583984
2023-03-13T10:20:56.553Z,26.62212562561035
2023-03-13T10:20:57.4Z,26.659481048583984
2023-03-13T10:20:58.303Z,26.659481048583984
2023-03-13T10:21:02.98Z,26.69683837890625
2023-03-13T10:21:02.982Z,26.678159713745117
2023-03-13T10:21:03.623Z,26.659481048583984
2023-03-13T10:21:03.625Z,26.659481048583984
2023-03-13T10:21:03.626Z,26.678159713745117
2023-03-13T10:21:04.436Z,26.659481048583984
2023-03-13T10:21:04.99Z,26.640804290771484
2023-03-13T10:21:06.021Z,26.678159713745117
2023-03-13T10:21:08.623Z,26.659481048583984
2023-03-13T10:21:08.944Z,26.69683837890625
2023-03-13T10:21:08.946Z,26.640804290771484
2023-03-13T10:21:13.03Z,26.659481048583984
2023-03-13T10:21:16.479Z,26.69683837890625
2023-03-13T10:21:16.481Z,26.678159713745117
2023-03-13T10:21:16.482Z,26.678159713745117
2023-03-13T10:21:20.627Z,26.734193801879883
2023-03-13T10:21:20.629Z,26.69683837890625
2023-03-13T10:21:20.63Z,26.62212562561035
2023-03-13T10:21:24.5Z,26.71551513671875
2023-03-13T10:21:24.501Z,26.678159713745117
2023-03-13T10:21:24.502Z,26.678159713745117
2023-03-13T10:21:24.504Z,26.678159713745117
2023-03-13T10:21:24.961Z,26.734193801879883
2023-03-13T10:21:24.962Z,26.678159713745117
2023-03-13T10:21:24.963Z,26.678159713745117
2023-03-13T10:21:24.965Z,26.678159713745117
2023-03-13T10:21:25.263Z,26.640804290771484
2023-03-13T10:21:26.663Z,26.659481048583984
2023-03-13T10:21:27.708Z,26.640804290771484
2023-03-13T10:21:28.511Z,26.659481048583984
2023-03-13T10:21:29.601Z,26.659481048583984
2023-03-13T10:21:30.829Z,26.678159713745117
2023-03-13T10:21:31.401Z,26.678159713745117
2023-03-13T10:21:32.623Z,26.659481048583984
2023-03-13T10:21:33.839Z,26.69683837890625
2023-03-13T10:21:34.871Z,26.69683837890625
2023-03-13T10:21:35.506Z,26.734193801879883
2023-03-13T10:21:36.562Z,26.752872467041016
2023-03-13T10:21:37.522Z,26.69683837890625
2023-03-13T10:21:40.431Z,26.69683837890625
2023-03-13T10:21:40.433Z,26.678159713745117
2023-03-13T10:21:40.434Z,26.734193801879883
2023-03-13T10:21:41.632Z,26.69683837890625
2023-03-13T10:21:42.879Z,26.678159713745117
2023-03-13T10:21:44.109Z,26.678159713745117
2023-03-13T10:21:44.711Z,26.678159713745117
2023-03-13T10:21:46.037Z,26.659481048583984
2023-03-13T10:21:46.788Z,26.678159713745117
2023-03-13T10:21:47.83Z,26.69683837890625
2023-03-13T10:21:48.799Z,26.69683837890625
2023-03-13T10:21:49.819Z,26.69683837890625
2023-03-13T10:21:53.951Z,26.678159713745117
2023-03-13T10:21:53.952Z,26.69683837890625
2023-03-13T10:21:55.699Z,26.734193801879883
2023-03-13T10:21:55.7Z,26.678159713745117
2023-03-13T10:21:56.164Z,26.659481048583984
2023-03-13T10:21:56.165Z,26.69683837890625
2023-03-13T10:21:58.071Z,26.69683837890625
2023-03-13T10:21:58.072Z,26.69683837890625
2023-03-13T10:21:59.24Z,26.69683837890625
2023-03-13T10:22:00.067Z,26.678159713745117
2023-03-13T10:22:02.472Z,26.71551513671875
2023-03-13T10:22:03.515Z,26.678159713745117
2023-03-13T10:22:04.241Z,26.659481048583984
2023-03-13T10:22:04.551Z,26.678159713745117
2023-03-13T10:22:06.304Z,26.678159713745117
2023-03-13T10:22:06.305Z,26.69683837890625
2023-03-13T10:22:07.439Z,26.678159713745117
2023-03-13T10:22:08.282Z,26.640804290771484
2023-03-13T10:22:09.685Z,26.659481048583984
2023-03-13T10:22:10.312Z,26.69683837890625
2023-03-13T10:22:11.32Z,26.659481048583984
2023-03-13T10:22:12.791Z,26.69683837890625
2023-03-13T10:22:14.07Z,26.678159713745117
2023-03-13T10:22:15.28Z,26.678159713745117
2023-03-13T10:22:15.438Z,26.659481048583984
2023-03-13T10:22:17.654Z,26.69683837890625
2023-03-13T10:22:18.437Z,26.659481048583984
2023-03-13T10:22:18.718Z,26.678159713745117
2023-03-13T10:22:19.513Z,26.69683837890625
2023-03-13T10:22:20.585Z,26.69683837890625
2023-03-13T10:22:21.678Z,26.678159713745117
2023-03-13T10:22:22.639Z,26.62212562561035
2023-03-13T10:22:23.881Z,26.640804290771484
2023-03-13T10:22:26.414Z,26.62212562561035
2023-03-13T10:22:26.416Z,26.71551513671875
2023-03-13T10:22:28.295Z,26.62212562561035
2023-03-13T10:22:30.071Z,26.640804290771484
2023-03-13T10:22:30.072Z,26.659481048583984
2023-03-13T10:22:32.665Z,26.659481048583984
2023-03-13T10:22:32.666Z,26.62212562561035
2023-03-13T10:22:33Z,26.659481048583984
2023-03-13T10:22:33.001Z,26.640804290771484
2023-03-13T10:22:34.136Z,26.62212562561035
2023-03-13T10:22:35.08Z,26.659481048583984
2023-03-13T10:22:35.719Z,26.659481048583984
2023-03-13T10:22:36.942Z,26.659481048583984
2023-03-13T10:22:38.436Z,26.69683837890625
2023-03-13T10:22:38.824Z,26.659481048583984
2023-03-13T10:22:39.791Z,26.678159713745117
2023-03-13T10:22:41.263Z,26.62212562561035
2023-03-13T10:22:42.482Z,26.640804290771484
2023-03-13T10:22:42.793Z,26.678159713745117
2023-03-13T10:22:43.958Z,26.640804290771484
2023-03-13T10:22:48.231Z,26.60344696044922
2023-03-13T10:22:48.232Z,26.62212562561035
2023-03-13T10:22:48.233Z,26.640804290771484
2023-03-13T10:22:48.422Z,26.659481048583984
2023-03-13T10:22:48.799Z,26.62212562561035
2023-03-13T10:22:50.273Z,26.659481048583984
2023-03-13T10:22:51.551Z,26.62212562561035
2023-03-13T10:22:51.952Z,26.659481048583984
2023-03-13T10:22:53.11Z,26.659481048583984
2023-03-13T10:22:54.346Z,26.640804290771484
2023-03-13T10:22:55.223Z,26.58477020263672
2023-03-13T10:22:56.399Z,26.58477020263672
2023-03-13T10:22:57.279Z,26.58477020263672
2023-03-13T10:22:58.554Z,26.58477020263672
2023-03-13T10:23:00.002Z,26.60344696044922
2023-03-13T10:23:01.383Z,26.566091537475586
2023-03-13T10:23:02.163Z,26.60344696044922
2023-03-13T10:23:02.659Z,26.60344696044922
2023-03-13T10:23:03.758Z,26.60344696044922
2023-03-13T10:23:04.135Z,26.62212562561035
2023-03-13T10:23:06.083Z,26.60344696044922
2023-03-13T10:23:06.085Z,26.659481048583984
2023-03-13T10:23:07.794Z,26.60344696044922
2023-03-13T10:23:08.139Z,26.62212562561035
2023-03-13T10:23:09.303Z,26.640804290771484
2023-03-13T10:23:11.077Z,26.62212562561035
2023-03-13T10:23:11.461Z,26.62212562561035
2023-03-13T10:23:12.353Z,26.62212562561035
2023-03-13T10:23:13.599Z,26.60344696044922
2023-03-13T10:23:14.431Z,26.62212562561035
2023-03-13T10:23:15.468Z,26.58477020263672
2023-03-13T10:23:16.471Z,26.62212562561035
2023-03-13T10:23:17.496Z,26.62212562561035
2023-03-13T10:23:18.542Z,26.60344696044922
2023-03-13T10:23:19.923Z,26.58477020263672
2023-03-13T10:23:21.03Z,26.566091537475586
2023-03-13T10:23:21.383Z,26.566091537475586
2023-03-13T10:23:23.015Z,26.58477020263672
2023-03-13T10:23:24.027Z,26.640804290771484
2023-03-13T10:23:24.478Z,26.60344696044922
2023-03-13T10:23:26.951Z,26.640804290771484
2023-03-13T10:23:27.177Z,26.60344696044922
2023-03-13T10:23:27.578Z,26.62212562561035
2023-03-13T10:23:28.796Z,26.62212562561035
2023-03-13T10:23:29.67Z,26.62212562561035
2023-03-13T10:23:30.801Z,26.60344696044922
2023-03-13T10:23:32.313Z,26.60344696044922
2023-03-13T10:23:32.64Z,26.62212562561035
2023-03-13T10:23:33.671Z,26.640804290771484
2023-03-13T10:23:34.91Z,26.62212562561035
2023-03-13T10:23:35.735Z,26.547412872314453
2023-03-13T10:23:36.952Z,26.52873420715332
2023-03-13T10:23:37.823Z,26.510055541992188
2023-03-13T10:23:39.027Z,26.510055541992188
2023-03-13T10:23:39.815Z,26.547412872314453
2023-03-13T10:23:41.023Z,26.510055541992188
2023-03-13T10:23:41.9Z,26.52873420715332
2023-03-13T10:23:43.023Z,26.566091537475586
2023-03-13T10:23:43.912Z,26.491378784179688
2023-03-13T10:23:45.622Z,26.491378784179688
2023-03-13T10:23:46.057Z,26.52873420715332
2023-03-13T10:23:46.958Z,26.566091537475586
2023-03-13T10:23:48.775Z,26.52873420715332
2023-03-13T10:23:48.952Z,26.566091537475586
2023-03-13T10:23:52.082Z,26.547412872314453
2023-03-13T10:23:52.083Z,26.472700119018555
2023-03-13T10:23:52.304Z,26.472700119018555
2023-03-13T10:23:53.151Z,26.510055541992188
2023-03-13T10:23:54.389Z,26.491378784179688
2023-03-13T10:23:55.197Z,26.510055541992188
2023-03-13T10:23:56.429Z,26.52873420715332
2023-03-13T10:23:57.038Z,26.566091537475586
2023-03-13T10:23:58.943Z,26.547412872314453
2023-03-13T10:23:59.337Z,26.52873420715332
2023-03-13T10:24:00.823Z,26.510055541992188
2023-03-13T10:24:02.197Z,26.52873420715332
2023-03-13T10:24:03.178Z,26.472700119018555
2023-03-13T10:24:03.351Z,26.491378784179688
2023-03-13T10:24:05.262Z,26.510055541992188
2023-03-13T10:24:05.439Z,26.472700119018555
2023-03-13T10:24:06.233Z,26.510055541992188
2023-03-13T10:24:07.903Z,26.491378784179688
2023-03-13T10:24:08.295Z,26.52873420715332
2023-03-13T10:24:10.709Z,26.472700119018555
2023-03-13T10:24:10.71Z,26.510055541992188
2023-03-13T10:24:11.351Z,26.510055541992188
2023-03-13T10:24:12.355Z,26.52873420715332
2023-03-13T10:24:13.423Z,26.52873420715332
2023-03-13T10:24:15.031Z,26.52873420715332
2023-03-13T10:24:15.303Z,26.547412872314453
2023-03-13T10:24:16.631Z,26.510055541992188
2023-03-13T10:24:17.749Z,26.510055541992188
2023-03-13T10:24:18.534Z,26.52873420715332
2023-03-13T10:24:19.544Z,26.547412872314453
2023-03-13T10:24:20.983Z,26.547412872314453
2023-03-13T10:24:21.639Z,26.547412872314453
2023-03-13T10:24:22.62Z,26.566091537475586
2023-03-13T10:24:23.823Z,26.510055541992188
2023-03-13T10:24:24.662Z,26.510055541992188
2023-03-13T10:24:25.738Z,26.52873420715332
2023-03-13T10:24:26.779Z,26.566091537475586
2023-03-13T10:24:27.784Z,26.566091537475586
2023-03-13T10:24:29.301Z,26.566091537475586
2023-03-13T10:24:29.896Z,26.60344696044922
2023-03-13T10:24:31.599Z,26.58477020263672
2023-03-13T10:24:31.6Z,26.566091537475586
2023-03-13T10:24:32.903Z,26.52873420715332
2023-03-13T10:24:33.943Z,26.60344696044922
2023-03-13T10:24:34.983Z,26.58477020263672
2023-03-13T10:24:35.913Z,26.58477020263672
2023-03-13T10:24:37.015Z,26.60344696044922
2023-03-13T10:24:38.546Z,26.62212562561035
2023-03-13T10:24:38.823Z,26.62212562561035
2023-03-13T10:24:40.056Z,26.60344696044922
2023-03-13T10:24:42.08Z,26.640804290771484
2023-03-13T10:24:42.335Z,26.58477020263672
2023-03-13T10:24:43.12Z,26.62212562561035
2023-03-13T10:24:44.717Z,26.640804290771484
2023-03-13T10:24:45.038Z,26.62212562561035
2023-03-13T10:24:46.798Z,26.60344696044922
2023-03-13T10:24:47.03Z,26.58477020263672
2023-03-13T10:24:48.192Z,26.58477020263672
2023-03-13T10:24:49.439Z,26.58477020263672
2023-03-13T10:24:50.239Z,26.566091537475586
2023-03-13T10:24:51.479Z,26.58477020263672
2023-03-13T10:24:52.336Z,26.60344696044922
2023-03-13T10:24:55.277Z,26.566091537475586
2023-03-13T10:24:55.639Z,26.58477020263672
2023-03-13T10:24:55.64Z,26.566091537475586
2023-03-13T10:24:56.031Z,26.58477020263672
2023-03-13T10:24:58.821Z,26.60344696044922
2023-03-13T10:24:58.822Z,26.547412872314453
2023-03-13T10:24:59.579Z,26.58477020263672
2023-03-13T10:25:00.399Z,26.52873420715332
2023-03-13T10:25:01.34Z,26.60344696044922
2023-03-13T10:25:02.799Z,26.547412872314453
2023-03-13T10:25:03.424Z,26.547412872314453
2023-03-13T10:25:04.4Z,26.547412872314453
2023-03-13T10:25:05.431Z,26.52873420715332
2023-03-13T10:25:06.672Z,26.52873420715332
2023-03-13T10:25:07.703Z,26.58477020263672
2023-03-13T10:25:09.834Z,26.547412872314453
2023-03-13T10:25:10.16Z,26.52873420715332
2023-03-13T10:25:10.399Z,26.58477020263672
2023-03-13T10:25:11.993Z,26.52873420715332
2023-03-13T10:25:12.669Z,26.566091537475586
2023-03-13T10:25:13.71Z,26.547412872314453
2023-03-13T10:25:14.712Z,26.547412872314453
2023-03-13T10:25:15.672Z,26.52873420715332
2023-03-13T10:25:16.863Z,26.510055541992188
2023-03-13T10:25:17.75Z,26.547412872314453
2023-03-13T10:25:19.575Z,26.52873420715332
2023-03-13T10:25:19.801Z,26.472700119018555
2023-03-13T10:25:20.557Z,26.566091537475586
2023-03-13T10:25:21.671Z,26.510055541992188
2023-03-13T10:25:22.8Z,26.491378784179688
2023-03-13T10:25:23.63Z,26.547412872314453
2023-03-13T10:25:24.661Z,26.566091537475586
2023-03-13T10:25:26.39Z,26.510055541992188
2023-03-13T10:25:27.819Z,26.52873420715332
2023-03-13T10:25:28.146Z,26.491378784179688
2023-03-13T10:25:30.068Z,26.491378784179688
2023-03-13T10:25:30.394Z,26.510055541992188
2023-03-13T10:25:30.694Z,26.472700119018555
2023-03-13T10:25:31.831Z,26.491378784179688
2023-03-13T10:25:33.359Z,26.491378784179688
2023-03-13T10:25:33.671Z,26.491378784179688
2023-03-13T10:25:35.221Z,26.491378784179688
2023-03-13T10:25:35.944Z,26.491378784179688
2023-03-13T10:25:36.943Z,26.454021453857422
2023-03-13T10:25:38.004Z,26.472700119018555
2023-03-13T10:25:39.262Z,26.454021453857422
2023-03-13T10:25:40.558Z,26.491378784179688
2023-03-13T10:25:40.859Z,26.491378784179688
2023-03-13T10:25:42.135Z,26.510055541992188
2023-03-13T10:25:43.143Z,26.510055541992188
2023-03-13T10:25:44.23Z,26.510055541992188
2023-03-13T10:25:45.225Z,26.454021453857422
2023-03-13T10:25:46.215Z,26.52873420715332
2023-03-13T10:25:47.265Z,26.491378784179688
2023-03-13T10:25:49.176Z,26.491378784179688
2023-03-13T10:25:49.177Z,26.472700119018555
2023-03-13T10:25:50.383Z,26.510055541992188
2023-03-13T10:25:51.575Z,26.472700119018555
2023-03-13T10:25:52.825Z,26.491378784179688
2023-03-13T10:25:53.163Z,26.41666603088379
2023-03-13T10:25:54.384Z,26.472700119018555
2023-03-13T10:25:55.415Z,26.52873420715332
2023-03-13T10:25:56.559Z,26.472700119018555
2023-03-13T10:25:57.433Z,26.472700119018555
2023-03-13T10:25:58.264Z,26.491378784179688
2023-03-13T10:25:59.279Z,26.510055541992188
2023-03-13T10:26:00.31Z,26.491378784179688
2023-03-13T10:26:02.032Z,26.510055541992188
2023-03-13T10:26:02.436Z,26.472700119018555
2023-03-13T10:26:03.623Z,26.510055541992188
2023-03-13T10:26:04.538Z,26.510055541992188
2023-03-13T10:26:05.703Z,26.510055541992188
2023-03-13T10:26:06.694Z,26.510055541992188
2023-03-13T10:26:07.497Z,26.435344696044922
2023-03-13T10:26:09.596Z,26.454021453857422
2023-03-13T10:26:09.597Z,26.491378784179688
2023-03-13T10:26:10.911Z,26.52873420715332
2023-03-13T10:26:11.751Z,26.491378784179688
2023-03-13T10:26:13.349Z,26.510055541992188
2023-03-13T10:26:14.063Z,26.472700119018555
2023-03-13T10:26:15.35Z,26.491378784179688
2023-03-13T10:26:15.702Z,26.491378784179688
2023-03-13T10:26:16.704Z,26.472700119018555
2023-03-13T10:26:17.983Z,26.472700119018555
2023-03-13T10:26:18.985Z,26.472700119018555
2023-03-13T10:26:20.383Z,26.472700119018555
2023-03-13T10:26:21.27Z,26.397987365722656
2023-03-13T10:26:21.639Z,26.491378784179688
2023-03-13T10:26:23.103Z,26.472700119018555
2023-03-13T10:26:24.082Z,26.41666603088379
2023-03-13T10:26:25.159Z,26.454021453857422
2023-03-13T10:26:25.943Z,26.454021453857422
2023-03-13T10:26:27.543Z,26.491378784179688
2023-03-13T10:26:28.271Z,26.472700119018555
2023-03-13T10:26:29.113Z,26.435344696044922
2023-03-13T10:26:30.241Z,26.454021453857422
2023-03-13T10:26:31.081Z,26.491378784179688
2023-03-13T10:26:32.097Z,26.491378784179688
2023-03-13T10:26:33.504Z,26.454021453857422
2023-03-13T10:26:34.914Z,26.491378784179688
2023-03-13T10:26:35.121Z,26.472700119018555
2023-03-13T10:26:36.135Z,26.510055541992188
2023-03-13T10:26:37.793Z,26.510055541992188
2023-03-13T10:26:38.074Z,26.510055541992188
2023-03-13T10:26:39.279Z,26.454021453857422
2023-03-13T10:26:40.071Z,26.435344696044922
2023-03-13T10:26:41.797Z,26.472700119018555
2023-03-13T10:26:42.071Z,26.491378784179688
2023-03-13T10:26:43.734Z,26.491378784179688
2023-03-13T10:26:43.943Z,26.491378784179688
2023-03-13T10:26:45.351Z,26.491378784179688
2023-03-13T10:26:46.217Z,26.491378784179688
2023-03-13T10:26:48.24Z,26.491378784179688
2023-03-13T10:26:48.242Z,26.491378784179688
2023-03-13T10:26:49.583Z,26.454021453857422
2023-03-13T10:26:50.311Z,26.472700119018555
2023-03-13T10:26:52.263Z,26.491378784179688
2023-03-13T10:26:52.559Z,26.52873420715332
2023-03-13T10:26:54.319Z,26.454021453857422
2023-03-13T10:26:54.592Z,26.491378784179688
2023-03-13T10:26:55.416Z,26.510055541992188
2023-03-13T10:26:56.456Z,26.547412872314453
2023-03-13T10:26:58.181Z,26.510055541992188
2023-03-13T10:26:58.546Z,26.52873420715332
2023-03-13T10:26:59.512Z,26.510055541992188
2023-03-13T10:27:01.07Z,26.547412872314453
2023-03-13T10:27:01.384Z,26.566091537475586
2023-03-13T10:27:02.583Z,26.52873420715332
2023-03-13T10:27:03.655Z,26.52873420715332
2023-03-13T10:27:04.671Z,26.472700119018555
2023-03-13T10:27:06.502Z,26.510055541992188
2023-03-13T10:27:06.503Z,26.510055541992188
2023-03-13T10:27:07.815Z,26.491378784179688
2023-03-13T10:27:08.904Z,26.491378784179688
2023-03-13T10:27:09.798Z,26.566091537475586
2023-03-13T10:27:10.822Z,26.52873420715332
2023-03-13T10:27:11.798Z,26.52873420715332
2023-03-13T10:27:12.903Z,26.52873420715332
2023-03-13T10:27:13.896Z,26.52873420715332
2023-03-13T10:27:14.875Z,26.547412872314453
2023-03-13T10:27:16.217Z,26.52873420715332
2023-03-13T10:27:16.911Z,26.52873420715332
2023-03-13T10:27:17.943Z,26.52873420715332
2023-03-13T10:27:18.991Z,26.566091537475586
2023-03-13T10:27:19.995Z,26.566091537475586
2023-03-13T10:27:21.024Z,26.510055541992188
2023-03-13T10:27:22.074Z,26.566091537475586
2023-03-13T10:27:22.872Z,26.547412872314453
2023-03-13T10:27:24.19Z,26.547412872314453
2023-03-13T10:27:25.174Z,26.566091537475586
2023-03-13T10:27:25.943Z,26.510055541992188
2023-03-13T10:27:26.983Z,26.52873420715332
2023-03-13T10:27:27.979Z,26.566091537475586
2023-03-13T10:27:29.275Z,26.491378784179688
2023-03-13T10:27:30.103Z,26.566091537475586
2023-03-13T10:27:31.063Z,26.510055541992188
2023-03-13T10:27:32.119Z,26.491378784179688
2023-03-13T10:27:33.119Z,26.52873420715332
2023-03-13T10:27:34.103Z,26.547412872314453
2023-03-13T10:27:35.31Z,26.547412872314453
2023-03-13T10:27:36.189Z,26.547412872314453
2023-03-13T10:27:37.15Z,26.491378784179688
2023-03-13T10:27:38.456Z,26.491378784179688
2023-03-13T10:27:39.463Z,26.491378784179688
2023-03-13T10:27:40.559Z,26.491378784179688
2023-03-13T10:27:41.345Z,26.472700119018555
2023-03-13T10:27:42.35Z,26.510055541992188
2023-03-13T10:27:44.56Z,26.566091537475586
2023-03-13T10:27:44.561Z,26.547412872314453
2023-03-13T10:27:45.423Z,26.52873420715332
2023-03-13T10:27:47.661Z,26.547412872314453
2023-03-13T10:27:47.874Z,26.510055541992188
2023-03-13T10:27:48.476Z,26.472700119018555
2023-03-13T10:27:49.519Z,26.491378784179688
2023-03-13T10:27:50.639Z,26.510055541992188
2023-03-13T10:27:51.334Z,26.454021453857422
2023-03-13T10:27:52.544Z,26.472700119018555
2023-03-13T10:27:53.599Z,26.472700119018555
2023-03-13T10:27:54.592Z,26.454021453857422
2023-03-13T10:27:56.04Z,26.435344696044922
2023-03-13T10:27:57.32Z,26.472700119018555
2023-03-13T10:27:57.753Z,26.41666603088379
2023-03-13T10:27:58.775Z,26.41666603088379
2023-03-13T10:27:59.95Z,26.435344696044922
2023-03-13T10:28:00.904Z,26.41666603088379
2023-03-13T10:28:01.815Z,26.454021453857422
2023-03-13T10:28:03.518Z,26.472700119018555
2023-03-13T10:28:04.374Z,26.41666603088379
2023-03-13T10:28:04.601Z,26.41666603088379
2023-03-13T10:28:05.668Z,26.454021453857422
2023-03-13T10:28:06.719Z,26.435344696044922
2023-03-13T10:28:07.903Z,26.472700119018555
2023-03-13T10:28:09.093Z,26.435344696044922
2023-03-13T10:28:10.589Z,26.435344696044922
2023-03-13T10:28:10.91Z,26.435344696044922
2023-03-13T10:28:12.139Z,26.435344696044922
2023-03-13T10:28:12.839Z,26.41666603088379
2023-03-13T10:28:13.871Z,26.41666603088379
2023-03-13T10:28:15.063Z,26.41666603088379
2023-03-13T10:28:16.583Z,26.435344696044922
2023-03-13T10:28:16.938Z,26.397987365722656
2023-03-13T10:28:17.935Z,26.41666603088379
2023-03-13T10:28:19.194Z,26.435344696044922
2023-03-13T10:28:20.383Z,26.435344696044922
2023-03-13T10:28:22.462Z,26.454021453857422
2023-03-13T10:28:22.698Z,26.397987365722656
2023-03-13T10:28:22.953Z,26.397987365722656
2023-03-13T10:28:24.239Z,26.41666603088379
2023-03-13T10:28:25.111Z,26.379308700561523
2023-03-13T10:28:26.399Z,26.36063003540039
2023-03-13T10:28:28.79Z,26.379308700561523
2023-03-13T10:28:28.791Z,26.34195327758789
2023-03-13T10:28:29.034Z,26.379308700561523
2023-03-13T10:28:31.27Z,26.41666603088379
2023-03-13T10:28:34.238Z,26.397987365722656
2023-03-13T10:28:34.72Z,26.397987365722656
2023-03-13T10:28:34.721Z,26.36063003540039
2023-03-13T10:28:34.723Z,26.36063003540039
2023-03-13T10:28:35.735Z,26.34195327758789
2023-03-13T10:28:36.19Z,26.379308700561523
2023-03-13T10:28:37.184Z,26.36063003540039
2023-03-13T10:28:39.069Z,26.379308700561523
2023-03-13T10:28:39.623Z,26.34195327758789
2023-03-13T10:28:40.639Z,26.379308700561523
2023-03-13T10:28:41.279Z,26.34195327758789
2023-03-13T10:28:42.72Z,26.285919189453125
2023-03-13T10:28:44.217Z,26.379308700561523
2023-03-13T10:28:44.218Z,26.36063003540039
2023-03-13T10:28:46.27Z,26.379308700561523
2023-03-13T10:28:46.272Z,26.36063003540039
2023-03-13T10:28:47.423Z,26.379308700561523
2023-03-13T10:28:48.239Z,26.323274612426758
2023-03-13T10:28:49.68Z,26.379308700561523
2023-03-13T10:28:50.479Z,26.41666603088379
2023-03-13T10:28:51.511Z,26.435344696044922
2023-03-13T10:28:53.59Z,26.379308700561523
2023-03-13T10:28:53.592Z,26.41666603088379
2023-03-13T10:28:54.618Z,26.397987365722656
2023-03-13T10:28:55.991Z,26.379308700561523
2023-03-13T10:28:56.694Z,26.41666603088379
2023-03-13T10:28:57.654Z,26.379308700561523
2023-03-13T10:28:58.909Z,26.472700119018555
2023-03-13T10:28:59.709Z,26.379308700561523
2023-03-13T10:29:00.711Z,26.41666603088379
2023-03-13T10:29:01.805Z,26.454021453857422
2023-03-13T10:29:03.002Z,26.472700119018555
2023-03-13T10:29:04.639Z,26.472700119018555
2023-03-13T10:29:04.935Z,26.454021453857422
2023-03-13T10:29:06.668Z,26.435344696044922
2023-03-13T10:29:06.879Z,26.379308700561523
2023-03-13T10:29:07.918Z,26.379308700561523
2023-03-13T10:29:08.911Z,26.41666603088379
2023-03-13T10:29:09.751Z,26.435344696044922
2023-03-13T10:29:11.628Z,26.472700119018555
2023-03-13T10:29:11.796Z,26.454021453857422
2023-03-13T10:29:19.199Z,26.454021453857422
2023-03-13T10:29:19.2Z,26.52873420715332
2023-03-13T10:29:19.646Z,26.491378784179688
2023-03-13T10:29:19.648Z,26.472700119018555
2023-03-13T10:29:19.649Z,26.510055541992188
2023-03-13T10:29:19.65Z,26.472700119018555
2023-03-13T10:29:19.651Z,26.510055541992188
2023-03-13T10:29:20.022Z,26.510055541992188
2023-03-13T10:29:21.223Z,26.510055541992188
2023-03-13T10:29:22.273Z,26.510055541992188
2023-03-13T10:29:23.671Z,26.454021453857422
2023-03-13T10:29:23.894Z,26.52873420715332
2023-03-13T10:29:25.981Z,26.566091537475586
2023-03-13T10:29:26.479Z,26.547412872314453
2023-03-13T10:29:27.359Z,26.52873420715332
2023-03-13T10:29:28.383Z,26.52873420715332
2023-03-13T10:29:29.191Z,26.566091537475586
2023-03-13T10:29:31.183Z,26.52873420715332
2023-03-13T10:29:31.184Z,26.52873420715332
2023-03-13T10:29:32.695Z,26.472700119018555
2023-03-13T10:29:33.279Z,26.510055541992188
2023-03-13T10:29:34.551Z,26.52873420715332
2023-03-13T10:29:35.743Z,26.510055541992188
2023-03-13T10:29:36.343Z,26.52873420715332
2023-03-13T10:29:37.974Z,26.60344696044922
2023-03-13T10:29:38.223Z,26.547412872314453
2023-03-13T10:29:39.655Z,26.62212562561035
2023-03-13T10:29:40.479Z,26.547412872314453
2023-03-13T10:29:41.47Z,26.566091537475586
2023-03-13T10:29:42.546Z,26.52873420715332
2023-03-13T10:29:43.519Z,26.491378784179688
2023-03-13T10:29:44.551Z,26.510055541992188
2023-03-13T10:29:46.054Z,26.52873420715332
2023-03-13T10:29:46.44Z,26.510055541992188
2023-03-13T10:29:48.03Z,26.510055541992188
2023-03-13T10:29:49.023Z,26.566091537475586
2023-03-13T10:29:49.894Z,26.52873420715332
2023-03-13T10:29:50.509Z,26.547412872314453
2023-03-13T10:29:52.161Z,26.547412872314453
2023-03-13T10:29:53.037Z,26.58477020263672
2023-03-13T10:29:53.786Z,26.58477020263672
2023-03-13T10:29:54.791Z,26.60344696044922
2023-03-13T10:29:56.231Z,26.60344696044922
2023-03-13T10:29:56.823Z,26.58477020263672
2023-03-13T10:29:58.75Z,26.547412872314453
2023-03-13T10:29:59.12Z,26.566091537475586
2023-03-13T10:29:59.957Z,26.566091537475586
2023-03-13T10:30:00.958Z,26.60344696044922
2023-03-13T10:30:01.747Z,26.566091537475586
2023-03-13T10:30:02.799Z,26.566091537475586
2023-03-13T10:30:03.8Z,26.58477020263672
2023-03-13T10:30:05.077Z,26.566091537475586
2023-03-13T10:30:06.072Z,26.566091537475586
2023-03-13T10:30:06.96Z,26.547412872314453
2023-03-13T10:30:07.895Z,26.547412872314453
2023-03-13T10:30:08.946Z,26.58477020263672
2023-03-13T10:30:10.151Z,26.60344696044922
2023-03-13T10:30:11.439Z,26.62212562561035
2023-03-13T10:30:11.839Z,26.58477020263672
2023-03-13T10:30:13.277Z,26.566091537475586
2023-03-13T10:30:14.068Z,26.566091537475586
2023-03-13T10:30:15.359Z,26.640804290771484
2023-03-13T10:30:16.349Z,26.566091537475586
2023-03-13T10:30:17.32Z,26.60344696044922
2023-03-13T10:30:18.15Z,26.60344696044922
2023-03-13T10:30:19.184Z,26.640804290771484
2023-03-13T10:30:20.319Z,26.62212562561035
2023-03-13T10:30:21.258Z,26.640804290771484
2023-03-13T10:30:22.279Z,26.640804290771484
2023-03-13T10:30:23.279Z,26.640804290771484
2023-03-13T10:30:24.358Z,26.659481048583984
2023-03-13T10:30:25.348Z,26.659481048583984
2023-03-13T10:30:26.343Z,26.69683837890625
2023-03-13T10:30:27.391Z,26.659481048583984
2023-03-13T10:30:28.197Z,26.659481048583984
2023-03-13T10:30:29.383Z,26.678159713745117
2023-03-13T10:30:30.215Z,26.58477020263672
2023-03-13T10:30:31.27Z,26.640804290771484
2023-03-13T10:30:32.455Z,26.659481048583984
2023-03-13T10:30:34.261Z,26.659481048583984
2023-03-13T10:30:34.548Z,26.659481048583984
2023-03-13T10:30:35.343Z,26.678159713745117
2023-03-13T10:30:36.751Z,26.640804290771484
2023-03-13T10:30:37.39Z,26.60344696044922
2023-03-13T10:30:38.908Z,26.62212562561035
2023-03-13T10:30:40.022Z,26.659481048583984
2023-03-13T10:30:40.304Z,26.69683837890625
2023-03-13T10:30:41.478Z,26.69683837890625
2023-03-13T10:30:43.159Z,26.659481048583984
2023-03-13T10:30:43.336Z,26.659481048583984
2023-03-13T10:30:44.56Z,26.659481048583984
2023-03-13T10:30:45.585Z,26.69683837890625
2023-03-13T10:30:46.792Z,26.69683837890625
2023-03-13T10:30:48.07Z,26.69683837890625
2023-03-13T10:30:49.338Z,26.678159713745117
2023-03-13T10:30:49.745Z,26.659481048583984
2023-03-13T10:30:50.748Z,26.71551513671875
2023-03-13T10:30:52.58Z,26.69683837890625
2023-03-13T10:30:52.786Z,26.69683837890625
2023-03-13T10:30:53.821Z,26.734193801879883
2023-03-13T10:30:54.6Z,26.678159713745117
2023-03-13T10:30:55.822Z,26.752872467041016
2023-03-13T10:30:57.063Z,26.734193801879883
2023-03-13T10:30:57.895Z,26.69683837890625
2023-03-13T10:30:58.671Z,26.77155113220215
2023-03-13T10:30:59.983Z,26.734193801879883
2023-03-13T10:31:00.991Z,26.734193801879883
2023-03-13T10:31:02.429Z,26.69683837890625
2023-03-13T10:31:03.039Z,26.752872467041016
2023-03-13T10:31:04.043Z,26.77155113220215
2023-03-13T10:31:04.863Z,26.77155113220215
2023-03-13T10:31:06.071Z,26.734193801879883
2023-03-13T10:31:07.11Z,26.752872467041016
2023-03-13T10:31:07.91Z,26.752872467041016
2023-03-13T10:31:09.094Z,26.71551513671875
2023-03-13T10:31:10.159Z,26.71551513671875
2023-03-13T10:31:10.984Z,26.734193801879883
2023-03-13T10:31:12.191Z,26.734193801879883
2023-03-13T10:31:13.023Z,26.734193801879883
2023-03-13T10:31:14.063Z,26.77155113220215
2023-03-13T10:31:15.071Z,26.752872467041016
2023-03-13T10:31:16.305Z,26.752872467041016
2023-03-13T10:31:17.097Z,26.734193801879883
2023-03-13T10:31:18.382Z,26.80890655517578
2023-03-13T10:31:19.191Z,26.734193801879883
2023-03-13T10:31:20.191Z,26.69683837890625
2023-03-13T10:31:21.661Z,26.734193801879883
2023-03-13T10:31:22.222Z,26.734193801879883
2023-03-13T10:31:23.263Z,26.71551513671875
2023-03-13T10:31:24.518Z,26.79022979736328
2023-03-13T10:31:25.302Z,26.752872467041016
2023-03-13T10:31:26.592Z,26.77155113220215
2023-03-13T10:31:27.593Z,26.752872467041016
2023-03-13T10:31:28.384Z,26.77155113220215
2023-03-13T10:31:29.869Z,26.827585220336914
2023-03-13T10:31:31.904Z,26.79022979736328
2023-03-13T10:31:31.906Z,26.77155113220215
2023-03-13T10:31:33.261Z,26.752872467041016
2023-03-13T10:31:33.511Z,26.77155113220215
2023-03-13T10:31:34.542Z,26.77155113220215
2023-03-13T10:31:35.596Z,26.79022979736328
2023-03-13T10:31:36.829Z,26.79022979736328
2023-03-13T10:31:38.696Z,26.80890655517578
2023-03-13T10:31:38.698Z,26.88361930847168
2023-03-13T10:31:40.703Z,26.80890655517578
2023-03-13T10:31:40.705Z,26.846263885498047
2023-03-13T10:31:42.134Z,26.827585220336914
2023-03-13T10:31:42.709Z,26.827585220336914
2023-03-13T10:31:43.556Z,26.80890655517578
2023-03-13T10:31:45.191Z,26.827585220336914
2023-03-13T10:31:45.816Z,26.827585220336914
2023-03-13T10:31:46.631Z,26.846263885498047
2023-03-13T10:31:47.639Z,26.80890655517578
2023-03-13T10:31:49.015Z,26.80890655517578
2023-03-13T10:31:50.943Z,26.864940643310547
2023-03-13T10:31:51.178Z,26.88361930847168
2023-03-13T10:31:53.281Z,26.80890655517578
2023-03-13T10:31:54.001Z,26.827585220336914
2023-03-13T10:31:54.002Z,26.80890655517578
2023-03-13T10:31:54.783Z,26.827585220336914
2023-03-13T10:31:56.718Z,26.80890655517578
2023-03-13T10:31:56.72Z,26.846263885498047
2023-03-13T10:31:58.111Z,26.864940643310547
2023-03-13T10:31:59.264Z,26.846263885498047
2023-03-13T10:32:00Z,26.88361930847168
2023-03-13T10:32:01.195Z,26.902297973632812
2023-03-13T10:32:01.99Z,26.864940643310547
2023-03-13T10:32:03.335Z,26.827585220336914
2023-03-13T10:32:04.063Z,26.864940643310547
2023-03-13T10:32:05.067Z,26.827585220336914
2023-03-13T10:32:06.104Z,26.864940643310547
2023-03-13T10:32:07.12Z,26.80890655517578
2023-03-13T10:32:08.754Z,26.827585220336914
2023-03-13T10:32:08.961Z,26.88361930847168
2023-03-13T10:32:10.215Z,26.846263885498047
2023-03-13T10:32:11.599Z,26.79022979736328
2023-03-13T10:32:12.232Z,26.902297973632812
2023-03-13T10:32:13.985Z,26.864940643310547
2023-03-13T10:32:14.871Z,26.864940643310547
2023-03-13T10:32:15.155Z,26.864940643310547
2023-03-13T10:32:16.375Z,26.88361930847168
2023-03-13T10:32:17.431Z,26.827585220336914
2023-03-13T10:32:18.383Z,26.846263885498047
2023-03-13T10:32:20.214Z,26.864940643310547
2023-03-13T10:32:21.477Z,26.864940643310547
2023-03-13T10:32:22.079Z,26.846263885498047
2023-03-13T10:32:22.592Z,26.88361930847168
2023-03-13T10:32:23.262Z,26.846263885498047
2023-03-13T10:32:26.15Z,26.80890655517578
2023-03-13T10:32:26.151Z,26.846263885498047
2023-03-13T10:32:26.592Z,26.88361930847168
2023-03-13T10:32:27.991Z,26.827585220336914
2023-03-13T10:32:28.215Z,26.827585220336914
2023-03-13T10:32:29.476Z,26.80890655517578
2023-03-13T10:32:31.582Z,26.827585220336914
2023-03-13T10:32:32.134Z,26.827585220336914
2023-03-13T10:32:33.305Z,26.864940643310547
2023-03-13T10:32:35.309Z,26.864940643310547
2023-03-13T10:32:35.743Z,26.846263885498047
2023-03-13T10:32:35.744Z,26.846263885498047
2023-03-13T10:32:37.293Z,26.864940643310547
2023-03-13T10:32:37.743Z,26.864940643310547
2023-03-13T10:32:38.79Z,26.846263885498047
2023-03-13T10:32:39.631Z,26.902297973632812
2023-03-13T10:32:41.155Z,26.864940643310547
2023-03-13T10:32:41.575Z,26.827585220336914
2023-03-13T10:32:43.414Z,26.902297973632812
2023-03-13T10:32:45.223Z,26.846263885498047
2023-03-13T10:32:45.655Z,26.79022979736328
2023-03-13T10:32:45.879Z,26.827585220336914
2023-03-13T10:32:48.112Z,26.79022979736328
2023-03-13T10:32:48.113Z,26.827585220336914
2023-03-13T10:32:48.695Z,26.79022979736328
2023-03-13T10:32:50.191Z,26.77155113220215
2023-03-13T10:32:50.947Z,26.79022979736328
2023-03-13T10:32:52.425Z,26.827585220336914
2023-03-13T10:32:53.183Z,26.77155113220215
2023-03-13T10:32:53.791Z,26.752872467041016
2023-03-13T10:32:55.039Z,26.79022979736328
2023-03-13T10:32:57.422Z,26.77155113220215
2023-03-13T10:32:57.424Z,26.827585220336914
2023-03-13T10:32:57.871Z,26.80890655517578
2023-03-13T10:32:59.179Z,26.827585220336914
2023-03-13T10:33:00.039Z,26.80890655517578
2023-03-13T10:33:01.015Z,26.80890655517578
2023-03-13T10:33:02.2Z,26.80890655517578
2023-03-13T10:33:03.039Z,26.77155113220215
2023-03-13T10:33:04.639Z,26.79022979736328
2023-03-13T10:33:05.12Z,26.846263885498047
2023-03-13T10:33:06.431Z,26.79022979736328
2023-03-13T10:33:07.974Z,26.827585220336914
2023-03-13T10:33:07.975Z,26.80890655517578
2023-03-13T10:33:09.357Z,26.79022979736328
2023-03-13T10:33:10.195Z,26.80890655517578
2023-03-13T10:33:11.51Z,26.827585220336914
2023-03-13T10:33:12.784Z,26.80890655517578
2023-03-13T10:33:13.094Z,26.80890655517578
2023-03-13T10:33:14.551Z,26.846263885498047
2023-03-13T10:33:15.422Z,26.77155113220215
2023-03-13T10:33:17.232Z,26.79022979736328
2023-03-13T10:33:17.233Z,26.827585220336914
2023-03-13T10:33:18.375Z,26.80890655517578
2023-03-13T10:33:19.383Z,26.79022979736328
2023-03-13T10:33:21.911Z,26.846263885498047
2023-03-13T10:33:22.385Z,26.79022979736328
2023-03-13T10:33:22.386Z,26.80890655517578
2023-03-13T10:33:24.022Z,26.80890655517578
2023-03-13T10:33:24.384Z,26.80890655517578
2023-03-13T10:33:25.549Z,26.846263885498047
2023-03-13T10:33:26.552Z,26.846263885498047
2023-03-13T10:33:27.824Z,26.902297973632812
2023-03-13T10:33:28.616Z,26.902297973632812
2023-03-13T10:33:29.663Z,26.846263885498047
2023-03-13T10:33:30.682Z,26.864940643310547
2023-03-13T10:33:31.895Z,26.846263885498047
2023-03-13T10:33:32.912Z,26.80890655517578
2023-03-13T10:33:33.75Z,26.80890655517578
2023-03-13T10:33:34.793Z,26.827585220336914
2023-03-13T10:33:35.637Z,26.846263885498047
2023-03-13T10:33:36.794Z,26.846263885498047
2023-03-13T10:33:37.832Z,26.846263885498047
2023-03-13T10:33:38.832Z,26.827585220336914
2023-03-13T10:33:39.895Z,26.864940643310547
2023-03-13T10:33:40.775Z,26.846263885498047
2023-03-13T10:33:42.354Z,26.864940643310547
2023-03-13T10:33:42.712Z,26.88361930847168
2023-03-13T10:33:44.141Z,26.88361930847168
2023-03-13T10:33:44.803Z,26.920976638793945
2023-03-13T10:33:45.864Z,26.846263885498047
2023-03-13T10:33:46.834Z,26.88361930847168
2023-03-13T10:33:48.478Z,26.846263885498047
2023-03-13T10:33:48.697Z,26.827585220336914
2023-03-13T10:33:49.919Z,26.902297973632812
2023-03-13T10:33:50.934Z,26.846263885498047
2023-03-13T10:33:52.224Z,26.79022979736328
2023-03-13T10:33:52.997Z,26.88361930847168
2023-03-13T10:33:54.039Z,26.827585220336914
2023-03-13T10:33:55.918Z,26.864940643310547
2023-03-13T10:33:56.64Z,26.920976638793945
2023-03-13T10:33:57.015Z,26.88361930847168
2023-03-13T10:33:58.302Z,26.902297973632812
2023-03-13T10:34:00.39Z,26.827585220336914
2023-03-13T10:34:00.392Z,26.846263885498047
2023-03-13T10:34:02.224Z,26.864940643310547
2023-03-13T10:34:02.225Z,26.827585220336914
2023-03-13T10:34:03.265Z,26.846263885498047
2023-03-13T10:34:04.403Z,26.827585220336914
2023-03-13T10:34:05.262Z,26.902297973632812
2023-03-13T10:34:06.303Z,26.88361930847168
2023-03-13T10:34:07.336Z,26.864940643310547
2023-03-13T10:34:08.4Z,26.902297973632812
2023-03-13T10:34:09.603Z,26.88361930847168
2023-03-13T10:34:10.387Z,26.902297973632812
2023-03-13T10:34:11.431Z,26.920976638793945
2023-03-13T10:34:12.467Z,26.864940643310547
2023-03-13T10:34:13.696Z,26.846263885498047
2023-03-13T10:34:14.873Z,26.88361930847168
2023-03-13T10:34:15.759Z,26.864940643310547
2023-03-13T10:34:17.38Z,26.827585220336914
2023-03-13T10:34:17.381Z,26.864940643310547
2023-03-13T10:34:18.375Z,26.846263885498047
2023-03-13T10:34:20.142Z,26.827585220336914
2023-03-13T10:34:20.439Z,26.846263885498047
2023-03-13T10:34:22.52Z,26.864940643310547
2023-03-13T10:34:22.716Z,26.827585220336914
2023-03-13T10:34:23.678Z,26.80890655517578
2023-03-13T10:34:24.78Z,26.864940643310547
2023-03-13T10:34:26.151Z,26.864940643310547
2023-03-13T10:34:26.384Z,26.846263885498047
2023-03-13T10:34:27.595Z,26.827585220336914
2023-03-13T10:34:28.663Z,26.846263885498047
2023-03-13T10:34:30.596Z,26.827585220336914
2023-03-13T10:34:30.879Z,26.77155113220215
2023-03-13T10:34:31.876Z,26.864940643310547
2023-03-13T10:34:32.718Z,26.846263885498047
2023-03-13T10:34:33.991Z,26.80890655517578
2023-03-13T10:34:35.198Z,26.827585220336914
2023-03-13T10:34:35.919Z,26.827585220336914
2023-03-13T10:34:37.443Z,26.827585220336914
2023-03-13T10:34:37.757Z,26.79022979736328
2023-03-13T10:34:38.914Z,26.827585220336914
2023-03-13T10:34:40.15Z,26.734193801879883
2023-03-13T10:34:42.109Z,26.80890655517578
2023-03-13T10:34:42.11Z,26.79022979736328
2023-03-13T10:34:43.241Z,26.79022979736328
2023-03-13T10:34:44.58Z,26.77155113220215
2023-03-13T10:34:44.791Z,26.752872467041016
2023-03-13T10:34:46.42Z,26.752872467041016
2023-03-13T10:34:49.319Z,26.77155113220215
2023-03-13T10:34:49.32Z,26.734193801879883
2023-03-13T10:34:49.322Z,26.80890655517578
2023-03-13T10:34:50.142Z,26.79022979736328
2023-03-13T10:34:50.917Z,26.79022979736328
2023-03-13T10:34:51.959Z,26.827585220336914
2023-03-13T10:34:52.992Z,26.79022979736328
2023-03-13T10:34:54.639Z,26.80890655517578
2023-03-13T10:34:55.07Z,26.79022979736328
2023-03-13T10:34:56.551Z,26.827585220336914
2023-03-13T10:34:57.096Z,26.827585220336914
2023-03-13T10:34:58.86Z,26.827585220336914
2023-03-13T10:34:59.151Z,26.827585220336914
2023-03-13T10:35:00.157Z,26.80890655517578
2023-03-13T10:35:01.583Z,26.827585220336914
2023-03-13T10:35:02.424Z,26.77155113220215
2023-03-13T10:35:03.319Z,26.79022979736328
2023-03-13T10:35:04.232Z,26.88361930847168
2023-03-13T10:35:06.391Z,26.79022979736328
2023-03-13T10:35:06.751Z,26.846263885498047
2023-03-13T10:35:07.318Z,26.79022979736328
2023-03-13T10:35:08.311Z,26.80890655517578
2023-03-13T10:35:09.751Z,26.827585220336914
2023-03-13T10:35:10.433Z,26.864940643310547
2023-03-13T10:35:11.422Z,26.864940643310547
2023-03-13T10:35:13.558Z,26.88361930847168
2023-03-13T10:35:13.56Z,26.902297973632812
2023-03-13T10:35:14.515Z,26.864940643310547
2023-03-13T10:35:15.734Z,26.864940643310547
2023-03-13T10:35:17.014Z,26.80890655517578
2023-03-13T10:35:17.359Z,26.864940643310547
2023-03-13T10:35:18.4Z,26.827585220336914
2023-03-13T10:35:19.999Z,26.846263885498047
2023-03-13T10:35:21.038Z,26.80890655517578
2023-03-13T10:35:21.918Z,26.80890655517578
2023-03-13T10:35:22.671Z,26.827585220336914
2023-03-13T10:35:23.671Z,26.827585220336914
2023-03-13T10:35:25.033Z,26.846263885498047
2023-03-13T10:35:25.815Z,26.846263885498047
2023-03-13T10:35:27.639Z,26.80890655517578
2023-03-13T10:35:27.64Z,26.827585220336914
2023-03-13T10:35:28.624Z,26.846263885498047
2023-03-13T10:35:31.334Z,26.827585220336914
2023-03-13T10:35:31.52Z,26.79022979736328
2023-03-13T10:35:32.122Z,26.827585220336914
2023-03-13T10:35:32.701Z,26.88361930847168
2023-03-13T10:35:33.751Z,26.846263885498047
2023-03-13T10:35:35.015Z,26.846263885498047
2023-03-13T10:35:35.788Z,26.77155113220215
2023-03-13T10:35:37.143Z,26.846263885498047
2023-03-13T10:35:37.857Z,26.88361930847168
2023-03-13T10:35:39.6Z,26.864940643310547
2023-03-13T10:35:40.463Z,26.864940643310547
2023-03-13T10:35:40.86Z,26.864940643310547
2023-03-13T10:35:42.302Z,26.864940643310547
2023-03-13T10:35:42.951Z,26.864940643310547
2023-03-13T10:35:44.222Z,26.864940643310547
2023-03-13T10:35:45.031Z,26.88361930847168
2023-03-13T10:35:46.243Z,26.902297973632812
2023-03-13T10:35:47.081Z,26.902297973632812
2023-03-13T10:35:48.075Z,26.902297973632812
2023-03-13T10:35:49.159Z,26.902297973632812
2023-03-13T10:35:50.348Z,26.902297973632812
2023-03-13T10:35:52.135Z,26.88361930847168
2023-03-13T10:35:52.391Z,26.864940643310547
2023-03-13T10:35:53.829Z,26.920976638793945
2023-03-13T10:35:54.054Z,26.902297973632812
2023-03-13T10:35:55.279Z,26.920976638793945
2023-03-13T10:35:57.438Z,26.920976638793945
2023-03-13T10:35:57.439Z,26.939653396606445
2023-03-13T10:35:58.31Z,26.88361930847168
2023-03-13T10:36:00.071Z,26.864940643310547
2023-03-13T10:36:00.394Z,26.939653396606445
2023-03-13T10:36:02.559Z,26.902297973632812
2023-03-13T10:36:02.839Z,26.864940643310547
2023-03-13T10:36:03.43Z,26.88361930847168
2023-03-13T10:36:05.397Z,26.846263885498047
2023-03-13T10:36:05.399Z,26.902297973632812
2023-03-13T10:36:06.304Z,26.902297973632812
2023-03-13T10:36:07.351Z,26.920976638793945
2023-03-13T10:36:08.543Z,26.902297973632812
2023-03-13T10:36:10.037Z,26.846263885498047
2023-03-13T10:36:10.428Z,26.920976638793945
2023-03-13T10:36:11.443Z,26.939653396606445
2023-03-13T10:36:13.039Z,26.939653396606445
2023-03-13T10:36:13.495Z,26.88361930847168
2023-03-13T10:36:14.711Z,26.902297973632812
2023-03-13T10:36:15.505Z,26.88361930847168
2023-03-13T10:36:16.963Z,26.902297973632812
2023-03-13T10:36:17.575Z,26.902297973632812
2023-03-13T10:36:18.884Z,26.902297973632812
2023-03-13T10:36:19.592Z,26.920976638793945
2023-03-13T10:36:21.383Z,26.902297973632812
2023-03-13T10:36:21.673Z,26.88361930847168
2023-03-13T10:36:23.03Z,26.902297973632812
2023-03-13T10:36:23.701Z,26.864940643310547
2023-03-13T10:36:24.871Z,26.88361930847168
2023-03-13T10:36:25.751Z,26.88361930847168
2023-03-13T10:36:26.791Z,26.902297973632812
2023-03-13T10:36:27.871Z,26.88361930847168
2023-03-13T10:36:29.264Z,26.958332061767578
2023-03-13T10:36:30.48Z,26.920976638793945
2023-03-13T10:36:30.712Z,26.88361930847168
2023-03-13T10:36:32.311Z,26.939653396606445
2023-03-13T10:36:32.951Z,26.902297973632812
2023-03-13T10:36:34.461Z,26.939653396606445
2023-03-13T10:36:34.777Z,26.939653396606445
2023-03-13T10:36:36.072Z,26.939653396606445
2023-03-13T10:36:38.622Z,26.920976638793945
2023-03-13T10:36:38.624Z,26.939653396606445
2023-03-13T10:36:38.952Z,26.97701072692871
2023-03-13T10:36:40.073Z,26.939653396606445
2023-03-13T10:36:41.119Z,26.97701072692871
2023-03-13T10:36:42.383Z,26.939653396606445
2023-03-13T10:36:43.35Z,26.958332061767578
2023-03-13T10:36:44.559Z,26.920976638793945
2023-03-13T10:36:45.027Z,26.97701072692871
2023-03-13T10:36:46.239Z,26.939653396606445
2023-03-13T10:36:47.386Z,26.958332061767578
2023-03-13T10:36:48.303Z,26.958332061767578
2023-03-13T10:36:49.343Z,26.995689392089844
2023-03-13T10:36:50.982Z,26.958332061767578
2023-03-13T10:36:51.18Z,27.014366149902344
2023-03-13T10:36:52.503Z,27.014366149902344
2023-03-13T10:36:53.435Z,27.033044815063477
2023-03-13T10:36:54.234Z,26.958332061767578
2023-03-13T10:36:55.231Z,26.995689392089844
2023-03-13T10:36:56.374Z,26.995689392089844
2023-03-13T10:36:58.079Z,26.995689392089844
2023-03-13T10:36:58.507Z,27.014366149902344
2023-03-13T10:36:59.359Z,26.97701072692871
2023-03-13T10:37:00.383Z,26.97701072692871
2023-03-13T10:37:01.423Z,26.995689392089844
2023-03-13T10:37:02.856Z,26.995689392089844
2023-03-13T10:37:03.671Z,27.033044815063477
2023-03-13T10:37:04.501Z,26.995689392089844
2023-03-13T10:37:05.519Z,26.97701072692871
2023-03-13T10:37:06.711Z,26.97701072692871
2023-03-13T10:37:07.991Z,26.995689392089844
2023-03-13T10:37:08.598Z,26.939653396606445
2023-03-13T10:37:09.599Z,26.958332061767578
2023-03-13T10:37:10.582Z,26.939653396606445
2023-03-13T10:37:11.623Z,26.97701072692871
2023-03-13T10:37:13.071Z,26.995689392089844
2023-03-13T10:37:13.706Z,26.97701072692871
2023-03-13T10:37:14.705Z,26.97701072692871
2023-03-13T10:37:16.14Z,26.902297973632812
2023-03-13T10:37:17.024Z,26.958332061767578
2023-03-13T10:37:17.896Z,26.97701072692871
2023-03-13T10:37:18.655Z,26.920976638793945
2023-03-13T10:37:19.821Z,26.939653396606445
2023-03-13T10:37:20.838Z,26.920976638793945
2023-03-13T10:37:22.095Z,26.939653396606445
2023-03-13T10:37:22.719Z,26.958332061767578
2023-03-13T10:37:23.711Z,26.958332061767578
2023-03-13T10:37:24.749Z,26.958332061767578
2023-03-13T10:37:25.751Z,26.939653396606445
2023-03-13T10:37:26.791Z,26.939653396606445
2023-03-13T10:37:27.999Z,26.939653396606445
2023-03-13T10:37:29.223Z,26.958332061767578
2023-03-13T10:37:29.835Z,26.97701072692871
2023-03-13T10:37:31.095Z,26.902297973632812
2023-03-13T10:37:31.943Z,26.88361930847168
2023-03-13T10:37:32.959Z,26.88361930847168
2023-03-13T10:37:34.599Z,26.97701072692871
2023-03-13T10:37:34.831Z,26.902297973632812
2023-03-13T10:37:36.223Z,26.864940643310547
2023-03-13T10:37:37.151Z,26.902297973632812
2023-03-13T10:37:38.063Z,26.902297973632812
2023-03-13T10:37:40.151Z,26.88361930847168
2023-03-13T10:37:40.318Z,26.920976638793945
2023-03-13T10:37:41.717Z,26.88361930847168
2023-03-13T10:37:42.136Z,26.88361930847168
2023-03-13T10:37:43.159Z,26.846263885498047
2023-03-13T10:37:44.399Z,26.88361930847168
2023-03-13T10:37:45.257Z,26.88361930847168
2023-03-13T10:37:46.503Z,26.827585220336914
2023-03-13T10:37:47.827Z,26.80890655517578
2023-03-13T10:37:48.221Z,26.80890655517578
2023-03-13T10:37:49.359Z,26.80890655517578
2023-03-13T10:37:50.913Z,26.80890655517578
2023-03-13T10:37:51.198Z,26.752872467041016
2023-03-13T10:37:52.942Z,26.77155113220215
2023-03-13T10:37:53.222Z,26.827585220336914
2023-03-13T10:37:56.944Z,26.734193801879883
2023-03-13T10:37:56.945Z,26.77155113220215
2023-03-13T10:37:56.946Z,26.79022979736328
2023-03-13T10:37:57.574Z,26.79022979736328
2023-03-13T10:37:58.511Z,26.79022979736328
2023-03-13T10:37:59.91Z,26.77155113220215
2023-03-13T10:38:00.663Z,26.79022979736328
2023-03-13T10:38:01.59Z,26.79022979736328
2023-03-13T10:38:04.081Z,26.752872467041016
2023-03-13T10:38:04.082Z,26.71551513671875
2023-03-13T10:38:04.537Z,26.752872467041016
2023-03-13T10:38:05.513Z,26.77155113220215
2023-03-13T10:38:07.578Z,26.79022979736328
2023-03-13T10:38:07.58Z,26.734193801879883
2023-03-13T10:38:08.998Z,26.79022979736328
2023-03-13T10:38:09.583Z,26.752872467041016
2023-03-13T10:38:10.615Z,26.827585220336914
2023-03-13T10:38:11.656Z,26.827585220336914
2023-03-13T10:38:13.175Z,26.79022979736328
2023-03-13T10:38:13.496Z,26.79022979736328
2023-03-13T10:38:15.599Z,26.77155113220215
2023-03-13T10:38:16.4Z,26.80890655517578
2023-03-13T10:38:18.399Z,26.827585220336914
2023-03-13T10:38:18.641Z,26.80890655517578
2023-03-13T10:38:18.643Z,26.80890655517578
2023-03-13T10:38:19.883Z,26.827585220336914
2023-03-13T10:38:21.119Z,26.80890655517578
2023-03-13T10:38:21.904Z,26.80890655517578
2023-03-13T10:38:22.926Z,26.827585220336914
2023-03-13T10:38:24.622Z,26.827585220336914
2023-03-13T10:38:25.094Z,26.827585220336914
2023-03-13T10:38:25.998Z,26.80890655517578
2023-03-13T10:38:27.041Z,26.79022979736328
2023-03-13T10:38:28.159Z,26.827585220336914
2023-03-13T10:38:29.071Z,26.846263885498047
2023-03-13T10:38:30.511Z,26.80890655517578
2023-03-13T10:38:31.667Z,26.80890655517578
2023-03-13T10:38:31.944Z,26.79022979736328
2023-03-13T10:38:34.192Z,26.77155113220215
2023-03-13T10:38:34.193Z,26.80890655517578
2023-03-13T10:38:35.184Z,26.79022979736328
2023-03-13T10:38:36.639Z,26.79022979736328
2023-03-13T10:38:37.515Z,26.77155113220215
2023-03-13T10:38:38.343Z,26.752872467041016
2023-03-13T10:38:39.313Z,26.734193801879883
2023-03-13T10:38:40.943Z,26.71551513671875
2023-03-13T10:38:41.154Z,26.752872467041016
2023-03-13T10:38:43.64Z,26.752872467041016
2023-03-13T10:38:43.641Z,26.69683837890625
2023-03-13T10:38:44.215Z,26.734193801879883
2023-03-13T10:38:46.201Z,26.734193801879883
2023-03-13T10:38:47.023Z,26.752872467041016
2023-03-13T10:38:47.28Z,26.752872467041016
2023-03-13T10:38:49.101Z,26.77155113220215
2023-03-13T10:38:49.345Z,26.752872467041016
2023-03-13T10:38:51.345Z,26.734193801879883
2023-03-13T10:38:51.602Z,26.77155113220215
2023-03-13T10:38:53.393Z,26.77155113220215
2023-03-13T10:38:53.624Z,26.79022979736328
2023-03-13T10:38:54.462Z,26.79022979736328
2023-03-13T10:38:55.671Z,26.827585220336914
2023-03-13T10:38:57.303Z,26.752872467041016
2023-03-13T10:38:57.52Z,26.734193801879883
2023-03-13T10:38:58.951Z,26.77155113220215
2023-03-13T10:38:59.83Z,26.71551513671875
2023-03-13T10:39:00.618Z,26.734193801879883
2023-03-13T10:39:01.598Z,26.69683837890625
2023-03-13T10:39:02.631Z,26.678159713745117
2023-03-13T10:39:03.703Z,26.69683837890625
2023-03-13T10:39:04.712Z,26.734193801879883
2023-03-13T10:39:05.751Z,26.734193801879883
2023-03-13T10:39:07.6Z,26.69683837890625
2023-03-13T10:39:07.601Z,26.71551513671875
2023-03-13T10:39:09.433Z,26.678159713745117
2023-03-13T10:39:09.746Z,26.659481048583984
2023-03-13T10:39:10.934Z,26.71551513671875
2023-03-13T10:39:11.908Z,26.659481048583984
2023-03-13T10:39:12.943Z,26.69683837890625
2023-03-13T10:39:14.111Z,26.640804290771484
2023-03-13T10:39:14.991Z,26.60344696044922
2023-03-13T10:39:15.745Z,26.678159713745117
2023-03-13T10:39:16.748Z,26.659481048583984
2023-03-13T10:39:18.071Z,26.659481048583984
2023-03-13T10:39:19.24Z,26.678159713745117
2023-03-13T10:39:20.479Z,26.659481048583984
2023-03-13T10:39:21.68Z,26.659481048583984
2023-03-13T10:39:21.903Z,26.69683837890625
2023-03-13T10:39:23.175Z,26.659481048583984
2023-03-13T10:39:24.803Z,26.678159713745117
2023-03-13T10:39:24.991Z,26.62212562561035
2023-03-13T10:39:26.214Z,26.678159713745117
2023-03-13T10:39:27.015Z,26.659481048583984
2023-03-13T10:39:28.4Z,26.640804290771484
2023-03-13T10:39:29.351Z,26.659481048583984
2023-03-13T10:39:30.55Z,26.69683837890625
2023-03-13T10:39:31.35Z,26.659481048583984
2023-03-13T10:39:32.562Z,26.678159713745117
2023-03-13T10:39:33.15Z,26.678159713745117
2023-03-13T10:39:34.63Z,26.659481048583984
2023-03-13T10:39:35.183Z,26.640804290771484
2023-03-13T10:39:36.383Z,26.659481048583984
2023-03-13T10:39:37.271Z,26.640804290771484
2023-03-13T10:39:38.989Z,26.62212562561035
2023-03-13T10:39:39.669Z,26.640804290771484
2023-03-13T10:39:40.938Z,26.678159713745117
2023-03-13T10:39:41.152Z,26.640804290771484
2023-03-13T10:39:42.443Z,26.71551513671875
2023-03-13T10:39:43.434Z,26.640804290771484
2023-03-13T10:39:44.463Z,26.69683837890625
2023-03-13T10:39:45.43Z,26.640804290771484
2023-03-13T10:39:46.774Z,26.678159713745117
2023-03-13T10:39:48.19Z,26.659481048583984
2023-03-13T10:39:48.91Z,26.659481048583984
2023-03-13T10:39:49.551Z,26.734193801879883
2023-03-13T10:39:50.559Z,26.69683837890625
2023-03-13T10:39:51.631Z,26.71551513671875
2023-03-13T10:39:52.623Z,26.69683837890625
2023-03-13T10:39:53.655Z,26.69683837890625
2023-03-13T10:39:55.439Z,26.734193801879883
2023-03-13T10:39:56.055Z,26.69683837890625
2023-03-13T10:39:57.414Z,26.734193801879883
2023-03-13T10:39:57.752Z,26.69683837890625
2023-03-13T10:39:58.788Z,26.678159713745117
2023-03-13T10:40:00.749Z,26.69683837890625
2023-03-13T10:40:03.11Z,26.734193801879883
2023-03-13T10:40:04.383Z,26.752872467041016
2023-03-13T10:40:04.384Z,26.659481048583984
2023-03-13T10:40:04.602Z,26.659481048583984
2023-03-13T10:40:04.603Z,26.678159713745117
2023-03-13T10:40:06.559Z,26.659481048583984
2023-03-13T10:40:06.56Z,26.678159713745117
2023-03-13T10:40:08.865Z,26.69683837890625
2023-03-13T10:40:08.867Z,26.678159713745117
2023-03-13T10:40:09.83Z,26.678159713745117
2023-03-13T10:40:10.864Z,26.659481048583984
2023-03-13T10:40:12.799Z,26.659481048583984
2023-03-13T10:40:12.801Z,26.659481048583984
2023-03-13T10:40:13.92Z,26.69683837890625
2023-03-13T10:40:16.711Z,26.69683837890625
2023-03-13T10:40:18.718Z,26.69683837890625
2023-03-13T10:40:18.719Z,26.678159713745117
2023-03-13T10:40:18.995Z,26.640804290771484
2023-03-13T10:40:18.997Z,26.678159713745117
2023-03-13T10:40:21.229Z,26.69683837890625
2023-03-13T10:40:21.43Z,26.640804290771484
2023-03-13T10:40:23.84Z,26.659481048583984
2023-03-13T10:40:24.349Z,26.69683837890625
2023-03-13T10:40:24.35Z,26.659481048583984
2023-03-13T10:40:25.11Z,26.659481048583984
2023-03-13T10:40:26.716Z,26.734193801879883
2023-03-13T10:40:27.422Z,26.678159713745117
2023-03-13T10:40:28.151Z,26.659481048583984
2023-03-13T10:40:29.423Z,26.659481048583984
2023-03-13T10:40:30.199Z,26.640804290771484
2023-03-13T10:40:31.231Z,26.678159713745117
2023-03-13T10:40:32.231Z,26.659481048583984
2023-03-13T10:40:33.272Z,26.62212562561035
2023-03-13T10:40:34.318Z,26.62212562561035
2023-03-13T10:40:36.294Z,26.640804290771484
2023-03-13T10:40:36.563Z,26.640804290771484
2023-03-13T10:40:37.335Z,26.640804290771484
2023-03-13T10:40:38.823Z,26.678159713745117
2023-03-13T10:40:40.023Z,26.659481048583984
2023-03-13T10:40:40.226Z,26.640804290771484
2023-03-13T10:40:41.92Z,26.640804290771484
2023-03-13T10:40:42.311Z,26.659481048583984
2023-03-13T10:40:45.111Z,26.640804290771484
2023-03-13T10:40:45.113Z,26.659481048583984
2023-03-13T10:40:45.393Z,26.659481048583984
2023-03-13T10:40:46.66Z,26.58477020263672
2023-03-13T10:40:47.599Z,26.62212562561035
2023-03-13T10:40:48.639Z,26.58477020263672
2023-03-13T10:40:52.231Z,26.60344696044922
2023-03-13T10:40:52.564Z,26.640804290771484
2023-03-13T10:40:52.565Z,26.678159713745117
2023-03-13T10:40:52.566Z,26.58477020263672
2023-03-13T10:40:54.311Z,26.58477020263672
2023-03-13T10:40:55.044Z,26.58477020263672
2023-03-13T10:40:57.023Z,26.62212562561035
2023-03-13T10:40:57.636Z,26.58477020263672
2023-03-13T10:40:57.838Z,26.60344696044922
2023-03-13T10:40:59.068Z,26.62212562561035
2023-03-13T10:41:01.176Z,26.640804290771484
2023-03-13T10:41:01.177Z,26.60344696044922
2023-03-13T10:41:02.19Z,26.58477020263672
2023-03-13T10:41:03.794Z,26.566091537475586
2023-03-13T10:41:03.795Z,26.62212562561035
2023-03-13T10:41:04.782Z,26.62212562561035
2023-03-13T10:41:05.872Z,26.62212562561035
2023-03-13T10:41:07.143Z,26.58477020263672
2023-03-13T10:41:07.868Z,26.60344696044922
2023-03-13T10:41:09.11Z,26.58477020263672
2023-03-13T10:41:10.015Z,26.60344696044922
2023-03-13T10:41:11.017Z,26.60344696044922
2023-03-13T10:41:12.583Z,26.58477020263672
2023-03-13T10:41:12.793Z,26.58477020263672
2023-03-13T10:41:14.233Z,26.60344696044922
2023-03-13T10:41:15.041Z,26.58477020263672
2023-03-13T10:41:17.712Z,26.566091537475586
2023-03-13T10:41:17.714Z,26.566091537475586
2023-03-13T10:41:18.135Z,26.640804290771484
2023-03-13T10:41:19.149Z,26.62212562561035
2023-03-13T10:41:20.151Z,26.566091537475586
2023-03-13T10:41:21.214Z,26.62212562561035
2023-03-13T10:41:22.227Z,26.640804290771484
2023-03-13T10:41:24.552Z,26.58477020263672
2023-03-13T10:41:24.554Z,26.566091537475586
2023-03-13T10:41:25.311Z,26.62212562561035
2023-03-13T10:41:26.35Z,26.640804290771484
2023-03-13T10:41:27.345Z,26.659481048583984
2023-03-13T10:41:28.561Z,26.62212562561035
2023-03-13T10:41:29.839Z,26.640804290771484
2023-03-13T10:41:30.239Z,26.60344696044922
2023-03-13T10:41:32.177Z,26.640804290771484
2023-03-13T10:41:32.538Z,26.62212562561035
2023-03-13T10:41:33.505Z,26.62212562561035
2023-03-13T10:41:34.343Z,26.659481048583984
2023-03-13T10:41:36.469Z,26.659481048583984
2023-03-13T10:41:36.833Z,26.60344696044922
2023-03-13T10:41:38.31Z,26.640804290771484
2023-03-13T10:41:38.625Z,26.62212562561035
2023-03-13T10:41:40.108Z,26.640804290771484
2023-03-13T10:41:42.71Z,26.71551513671875
2023-03-13T10:41:45.831Z,26.678159713745117
2023-03-13T10:41:45.832Z,26.640804290771484
2023-03-13T10:41:46.256Z,26.678159713745117
2023-03-13T10:41:46.257Z,26.659481048583984
2023-03-13T10:41:46.258Z,26.659481048583984
2023-03-13T10:41:46.591Z,26.69683837890625
2023-03-13T10:41:49.221Z,26.640804290771484
2023-03-13T10:41:49.222Z,26.640804290771484
2023-03-13T10:41:49.463Z,26.659481048583984
2023-03-13T10:41:51.153Z,26.71551513671875
2023-03-13T10:41:51.615Z,26.734193801879883
2023-03-13T10:41:52.707Z,26.71551513671875
2023-03-13T10:41:54.398Z,26.69683837890625
2023-03-13T10:41:55.192Z,26.678159713745117
2023-03-13T10:41:55.863Z,26.659481048583984
2023-03-13T10:41:56.991Z,26.69683837890625
2023-03-13T10:41:57.998Z,26.71551513671875
2023-03-13T10:41:59.279Z,26.734193801879883
2023-03-13T10:42:00.215Z,26.71551513671875
2023-03-13T10:42:01.118Z,26.69683837890625
2023-03-13T10:42:09.271Z,26.734193801879883
2023-03-13T10:42:09.272Z,26.678159713745117
2023-03-13T10:42:09.273Z,26.734193801879883
2023-03-13T10:42:09.275Z,26.71551513671875
2023-03-13T10:42:10.631Z,26.734193801879883
2023-03-13T10:42:10.633Z,26.734193801879883
2023-03-13T10:42:10.634Z,26.69683837890625
2023-03-13T10:42:10.635Z,26.69683837890625
2023-03-13T10:42:10.991Z,26.71551513671875
2023-03-13T10:42:10.992Z,26.734193801879883
2023-03-13T10:42:12.417Z,26.69683837890625
2023-03-13T10:42:13.834Z,26.69683837890625
2023-03-13T10:42:14.159Z,26.71551513671875
2023-03-13T10:42:15.879Z,26.71551513671875
2023-03-13T10:42:16.079Z,26.69683837890625
2023-03-13T10:42:19.679Z,26.734193801879883
2023-03-13T10:42:19.681Z,26.734193801879883
2023-03-13T10:42:20.679Z,26.752872467041016
2023-03-13T10:42:20.68Z,26.734193801879883
2023-03-13T10:42:21.913Z,26.77155113220215
2023-03-13T10:42:22.68Z,26.734193801879883
2023-03-13T10:42:23.031Z,26.752872467041016
2023-03-13T10:42:24.719Z,26.752872467041016
2023-03-13T10:42:25.316Z,26.752872467041016
2023-03-13T10:42:26.311Z,26.71551513671875
2023-03-13T10:42:28.178Z,26.79022979736328
2023-03-13T10:42:29.359Z,26.752872467041016
2023-03-13T10:42:30.399Z,26.77155113220215
2023-03-13T10:42:31.645Z,26.77155113220215
2023-03-13T10:42:31.895Z,26.734193801879883
2023-03-13T10:42:32.655Z,26.71551513671875
2023-03-13T10:42:33.742Z,26.71551513671875
2023-03-13T10:42:34.708Z,26.77155113220215
2023-03-13T10:42:35.761Z,26.77155113220215
2023-03-13T10:42:36.543Z,26.752872467041016
2023-03-13T10:42:37.555Z,26.79022979736328
2023-03-13T10:42:38.595Z,26.77155113220215
2023-03-13T10:42:40.028Z,26.71551513671875
2023-03-13T10:42:40.681Z,26.752872467041016
2023-03-13T10:42:41.905Z,26.734193801879883
2023-03-13T10:42:43.102Z,26.752872467041016
2023-03-13T10:42:43.502Z,26.77155113220215
2023-03-13T10:42:44.751Z,26.734193801879883
2023-03-13T10:42:46.439Z,26.71551513671875
2023-03-13T10:42:46.799Z,26.734193801879883
2023-03-13T10:42:48.431Z,26.71551513671875
2023-03-13T10:42:48.671Z,26.678159713745117
2023-03-13T10:42:49.831Z,26.69683837890625
2023-03-13T10:42:50.855Z,26.69683837890625
2023-03-13T10:42:51.982Z,26.69683837890625
2023-03-13T10:42:52.719Z,26.659481048583984
2023-03-13T10:42:53.74Z,26.678159713745117
2023-03-13T10:42:54.984Z,26.69683837890625
2023-03-13T10:42:55.791Z,26.69683837890625
2023-03-13T10:42:57.231Z,26.734193801879883
2023-03-13T10:42:57.831Z,26.69683837890625
2023-03-13T10:42:58.946Z,26.659481048583984
2023-03-13T10:42:59.927Z,26.659481048583984
2023-03-13T10:43:00.943Z,26.71551513671875
2023-03-13T10:43:01.985Z,26.71551513671875
2023-03-13T10:43:03.178Z,26.659481048583984
2023-03-13T10:43:03.996Z,26.69683837890625
2023-03-13T10:43:04.991Z,26.69683837890625
2023-03-13T10:43:06.032Z,26.659481048583984
2023-03-13T10:43:07.256Z,26.71551513671875
2023-03-13T10:43:08.103Z,26.71551513671875
2023-03-13T10:43:09.175Z,26.71551513671875
2023-03-13T10:43:10.199Z,26.678159713745117
2023-03-13T10:43:11.174Z,26.69683837890625
2023-03-13T10:43:12.383Z,26.678159713745117
2023-03-13T10:43:13.414Z,26.71551513671875
2023-03-13T10:43:14.297Z,26.678159713745117
2023-03-13T10:43:15.31Z,26.678159713745117
2023-03-13T10:43:16.264Z,26.678159713745117
2023-03-13T10:43:17.75Z,26.752872467041016
2023-03-13T10:43:18.591Z,26.69683837890625
2023-03-13T10:43:19.503Z,26.678159713745117
2023-03-13T10:43:20.506Z,26.71551513671875
2023-03-13T10:43:21.696Z,26.69683837890625
2023-03-13T10:43:23.2Z,26.678159713745117
2023-03-13T10:43:23.5Z,26.69683837890625
2023-03-13T10:43:24.48Z,26.640804290771484
2023-03-13T10:43:25.559Z,26.659481048583984
2023-03-13T10:43:26.31Z,26.69683837890625
2023-03-13T10:43:27.552Z,26.659481048583984
2023-03-13T10:43:28.864Z,26.69683837890625
2023-03-13T10:43:29.414Z,26.678159713745117
2023-03-13T10:43:30.632Z,26.659481048583984
2023-03-13T10:43:31.463Z,26.640804290771484
2023-03-13T10:43:32.457Z,26.69683837890625
2023-03-13T10:43:33.679Z,26.640804290771484
2023-03-13T10:43:35.002Z,26.640804290771484
2023-03-13T10:43:36.157Z,26.62212562561035
2023-03-13T10:43:36.399Z,26.62212562561035
2023-03-13T10:43:38.214Z,26.678159713745117
2023-03-13T10:43:39.163Z,26.659481048583984
2023-03-13T10:43:39.479Z,26.640804290771484
2023-03-13T10:43:40.878Z,26.659481048583984
2023-03-13T10:43:41.68Z,26.640804290771484
